Topplista,Titlar,Platform,MetaScore,UserScore,ReleaseDate,Publishers,Developers
1,Persona 5 Royal,PlayStation 4,95,8.3,2020-03-31,Atlus,Atlus
2,The Last of Us Part II,PlayStation 4,93,5.7,2020-06-19,SCEA,Naughty Dog
3,Dragon Quest XI S: Echoes of an Elusive Age - Definitive Edition,PlayStation 4,93,8.4,2020-12-04,Square Enix,Square Enix
4,Hades,Switch,93,9,2020-09-17,Supergiant Games,Supergiant Games
5,Half-Life: Alyx,PC,93,9.1,2020-03-23,Valve Software,Valve Software
6,Ori and the Will of the Wisps,Switch,93,8.8,2020-09-17,Microsoft Game Studios,Moon Studios
7,Hades,PC,93,8.9,2020-09-17,Supergiant Games,Supergiant Games
8,Demon's Souls,PlayStation 5,92,8.4,2020-11-12,PlayStation Studios,"JapanStudio, Bluepoint Games"
9,Dragon Quest XI S: Echoes of an Elusive Age - Definitive Edition,Xbox One,91,8.6,2020-12-04,Square Enix,Square Enix
10,Microsoft Flight Simulator,PC,91,7.2,2020-08-18,Xbox Game Studios,Asobo Studio
11,Crusader Kings III,PC,91,8.5,2020-09-01,Paradox Interactive,Paradox Interactive
12,F1 2020,Xbox One,91,7.2,2020-07-10,Codemasters,Codemasters
13,Spelunky 2,PC,91,6.3,2020-09-29,Mossmouth,"Mossmouth, Bitworks"
14,Animal Crossing: New Horizons,Switch,90,5.5,2020-03-20,Nintendo,Nintendo
15,Ori and the Will of the Wisps,Xbox One,90,8.8,2020-03-11,Microsoft Game Studios,Moon Studios
16,Yakuza 0,Xbox One,90,8,2020-02-26,SegaSoft,Ryu ga Gotoku Studios
17,Yakuza: Like a Dragon,Xbox One,89,8.5,2020-11-10,Sega,Sega
18,Xenoblade Chronicles: Definitive Edition,Switch,89,8.9,2020-05-29,Nintendo,Monolith Soft
19,There is no game : Wrong dimension,PC,89,8.8,2020-08-06,Draw Me A Pixel,Draw Me A Pixel
20,Dreams,PlayStation 4,89,8.7,2020-02-14,SCEE,Media Molecule
21,Tony Hawk's Pro Skater 1 + 2,PlayStation 4,89,8.9,2020-09-04,Activision,Vicarious Visions
22,A Short Hike,Switch,88,8.7,2020-08-18,Whippoorwill Limited,adamgryu
23,Tony Hawk's Pro Skater 1 + 2,PC,88,7.3,2020-09-04,Activision,Vicarious Visions
24,Tetris Effect: Connected,Xbox Series X,88,7.7,2020-11-10,Enhance Games,Monstars Inc.
25,Ori and the Will of the Wisps,PC,88,8.6,2020-03-11,Microsoft Game Studios,Moon Studios
26,DOOM Eternal,Xbox One,88,8.5,2020-03-19,Bethesda Softworks,id Software
27,Devil May Cry 5: Special Edition,PlayStation 5,88,8.3,2020-11-12,Capcom,Capcom
28,Tony Hawk's Pro Skater 1 + 2,Xbox One,88,8.1,2020-09-04,Activision,Vicarious Visions
29,Halo: The Master Chief Collection - Halo 3,PC,88,7.8,2020-07-14,Xbox Game Studios,343 Industries
30,F1 2020,PC,88,6.9,2020-07-09,Codemasters,Codemasters
31,DOOM Eternal,PC,88,7.9,2020-03-20,Bethesda Softworks,id Software
32,Pistol Whip,PlayStation 4,88,6.9,2020-07-30,Cloudhead Games,Cloudhead Games
33,Kentucky Route Zero: TV Edition,PlayStation 4,88,6.2,2020-01-28,Annapurna Interactive,Cardboard Computer
34,Monster Hunter: World - Iceborne,PC,87,7.8,2020-01-09,Capcom,Capcom
35,Final Fantasy VII Remake,PlayStation 4,87,8.2,2020-04-10,Square Enix,Square Enix
36,Mortal Kombat 11 Ultimate,PlayStation 5,87,7.6,2020-11-17,Warner Bros. Interactive Entertainment,NetherRealm Studios
37,Super Mega Baseball 3,Switch,87,7.8,2020-05-13,Metalhead Software,Metalhead Software
38,Kentucky Route Zero: TV Edition,Switch,87,7.3,2020-01-28,Annapurna Interactive,Cardboard Computer
39,Kentucky Route Zero: TV Edition,Xbox One,87,6.1,2020-01-28,Annapurna Interactive,Cardboard Computer
40,DOOM Eternal,PlayStation 4,87,8.4,2020-03-20,Bethesda Softworks,id Software
41,Huntdown,Xbox One,87,5.4,2020-05-12,Coffee Stain Studios,"Coffee Stain Studios, Easy Trigger Games"
42,Legends of Runeterra,PC,87,6.9,2020-04-29,Riot Games,Riot Games
43,Persona 4 Golden,PC,87,8.8,2020-06-13,Sega,Atlus
44,Streets of Rage 4,Switch,87,8.5,2020-04-30,DotEmu,"DotEmu, Seaven Studio, Guard Crush Games, Lizardcube"
45,Spelunky 2,PlayStation 4,87,8.2,2020-09-15,Mossmouth,"Mossmouth, Bitworks"
46,F1 2020,PlayStation 4,86,7.6,2020-07-06,Codemasters,Codemasters
47,Death Stranding,PC,86,7.7,2020-07-14,505 Games,Kojima Productions
48,Observer: System Redux,PC,86,7.3,2020-11-10,Bloober Team,Bloober Team
49,Panzer Corps 2,PC,86,5.8,2020-03-19,Slitherine,Flashback Games
50,Cuphead,PlayStation 4,86,8.1,2020-07-28,Studio MDHR,Studio MDHR
51,Desperados III,PC,86,8.2,2020-06-16,THQ Nordic,Mimimi Productions
52,Monster Train,PC,86,8.1,2020-05-21,Good Shepherd Entertainment,Shiny Shoe
53,Huntdown,Switch,86,8.4,2020-05-12,Coffee Stain Studios,"Coffee Stain Studios, Easy Trigger Games"
54,Cyberpunk 2077,PC,86,7.2,2020-12-10,Warner Bros. Interactive Entertainment,CD Projekt Red Studio
55,Risk of Rain 2,PC,85,8,2020-08-11,Hopoo Games,Hopoo Games
56,Heroes of Hammerwatch - Ultimate Edition,Switch,85,7.4,2020-07-29,BlitWorks,Crackshell
57,Deep Rock Galactic,PC,85,8,2020-05-13,Ghost Ship Games,Ghost Ship Games
58,Wasteland 3,PC,85,7.7,2020-08-28,InXile Entertainment,InXile Entertainment
59,Marvel's Spider-Man: Miles Morales,PlayStation 4,85,7.5,2020-11-12,PlayStation Studios,Insomniac Games
60,13 Sentinels: Aegis Rim,PlayStation 4,85,9,2020-09-22,Atlus,Vanillaware
61,Grindstone,Switch,85,7.6,2020-12-15,Capy Games,Capy Games
62,Bug Fables: The Everlasting Sapling,Switch,85,8.3,2020-05-28,DANGEN Entertainment,Moonsprout Games
63,Huntdown,PC,85,7.6,2020-05-12,Coffee Stain Studios,"Coffee Stain Studios, Easy Trigger Games"
64,Planet Coaster: Console Edition,Xbox One,85,7.3,2020-11-10,Frontier Developments,Frontier Developments
65,Nioh 2,PlayStation 4,85,7.9,2020-03-13,Koei Tecmo Games,Team Ninja
66,Bayonetta & Vanquish,PlayStation 4,85,8,2020-02-18,Sega,PlatinumGames
67,Marvel's Spider-Man: Miles Morales,PlayStation 5,85,7.4,2020-11-12,PlayStation Studios,Insomniac Games
68,Two Point Hospital,Switch,85,8.1,2020-02-25,Sega,Two Point Studios
69,Football Manager 2021,PC,85,6.4,2020-11-24,Sega,Sports Interactive
70,Pikmin 3 Deluxe,Switch,85,8.3,2020-10-30,Nintendo,"Eighting, Nintendo"
71,Crash Bandicoot 4: It's About Time,PlayStation 4,85,8.2,2020-10-02,Activision,Toys for Bob
72,Manifold Garden,PC,85,7.5,2020-10-20,William Chyr Studio LLC,William Chyr Studio LLC
73,Desperados III,Xbox One,85,7.1,2020-06-16,THQ Nordic,Mimimi Productions
74,Assassin's Creed Valhalla,PlayStation 5,84,8.4,2020-11-12,Ubisoft,Ubisoft Montreal
75,Devil May Cry 5: Special Edition,Xbox Series X,84,7.5,2020-11-10,Capcom,Capcom
76,Lonely Mountains: Downhill,Switch,84,7.3,2020-05-07,Image & Form,Megagon Industries
77,Thronebreaker: The Witcher Tales,Switch,84,7.7,2020-01-28,CD Projekt Red Studio,CD Projekt Red Studio
78,If Found...,PC,84,6.6,2020-05-19,Annapurna Interactive,dreamfeel
79,Wasteland 3,Xbox One,84,7.7,2020-08-28,InXile Entertainment,InXile Entertainment
80,Planet Coaster: Console Edition,Xbox Series X,84,4.5,2020-11-10,Frontier Developments,Frontier Developments
81,WHAT THE GOLF?,Switch,84,8.2,2020-05-21,Triband,Triband
82,Assassin's Creed Valhalla,Xbox Series X,84,8,2020-11-10,Ubisoft,Ubisoft Montreal
83,Horizon Zero Dawn: Complete Edition,PC,84,6,2020-08-07,PlayStation Mobile Inc.,Guerrilla
84,Streets of Rage 4,PC,84,7.8,2020-04-30,DotEmu,Lizardcube
85,BioShock: The Collection,Switch,84,8.7,2020-05-29,2K Games,"2K Games, Virtuos"
86,Two Point Hospital,Xbox One,84,6.7,2020-02-25,Sega,Two Point Studios
87,Sam & Max Save the World Remastered,PC,84,3.5,2020-12-02,Skunkape Games,Skunkape Games
88,Lair of the Clockwork God,PC,84,7.6,2020-02-21,Size Five Games,Size Five Games
89,Genshin Impact,PC,84,5.5,2020-09-28,miHoYo,miHoYo
90,Spiritfarer,PC,84,7.9,2020-08-18,Thunder Lotus Games,Thunder Lotus Games
91,Sega Ages: Fantasy Zone,Switch,84,7.9,2020-01-23,Sega,Rutubo Games
92,Overcooked! All You Can Eat,PlayStation 5,84,6.8,2020-11-12,Team17,Ghost Town Games Ltd.
93,To the Moon,Switch,84,8.2,2020-01-16,Freebird Games,"Freebird Games, X.D. Network Inc."
94,The Legend of Heroes: Trails of Cold Steel III,Switch,84,8.1,2020-06-30,NIS America,"Falcom, Engine Software"
95,Resident Evil 3,Xbox One,84,6.1,2020-04-03,Capcom,"Capcom, M-Two"
96,Yakuza: Like a Dragon,PlayStation 4,83,7.7,2020-11-10,Sega,Ryu ga Gotoku Studios
97,Ghost of Tsushima,PlayStation 4,83,9.2,2020-07-17,Sony Interactive Entertainment,Sucker Punch
98,Bayonetta & Vanquish,Xbox One,83,8,2020-02-18,Sega,PlatinumGames
99,Yakuza: Like a Dragon,Xbox Series X,83,8.1,2020-11-10,Sega,Ryu ga Gotoku Studios
100,Crash Bandicoot 4: It's About Time,Xbox One,83,8.4,2020-10-02,Activision,Toys for Bob
101,MLB The Show 20,PlayStation 4,83,6.6,2020-03-13,SCEE,SCEA San Diego Studios
102,Sackboy: A Big Adventure,PlayStation 4,83,8.6,2020-11-12,PlayStation Studios,Sumo Digital
103,DIRT 5,Xbox One,83,6.1,2020-11-03,Codemasters,Codemasters
104,Assassin's Creed Valhalla,PC,83,7.6,2020-11-10,Ubisoft,Ubisoft Montreal
105,Knights and Bikes,Switch,83,8.3,2020-02-06,Double Fine Productions,Foam Sword Games
106,Mega Man Zero / ZX Legacy Collection,Switch,83,8.5,2020-02-25,Capcom,Capcom
107,Creaks,PlayStation 4,83,6.8,2020-07-22,Amanita Design,Amanita Design
108,Super Mega Baseball 3,Xbox One,83,6.6,2020-05-13,Metalhead Software,Metalhead Software
109,WRC 9 FIA World Rally Championship,Xbox One,83,5.3,2020-09-04,Nacon,KT Racing
110,No More Heroes 2: Desperate Struggle,Switch,83,8.2,2020-10-28,XSEED Games,"Engine Software, Grasshopper Manufacture"
111,World of Warcraft: Shadowlands,PC,83,5.6,2020-11-23,Activision,Blizzard Entertainment
112,Katamari Damacy REROLL,PlayStation 4,83,6.6,2020-11-20,Bandai Namco Games,Bandai Namco Games
113,Astro's Playroom,PlayStation 5,83,9.3,2020-11-12,Sony Interactive Entertainment,"JapanStudio, Team Asobi"
114,Sega Ages: Sonic the Hedgehog 2,Switch,83,7.7,2020-02-20,Sega,"Sonic Team, M2"
115,Horace,Switch,83,7.6,2020-10-21,505 Games,Paul Helman
116,WRC 9 FIA World Rally Championship,PlayStation 5,83,6.8,2020-11-12,Nacon,KT Racing
117,One Step From Eden,PC,83,8.8,2020-03-26,Thomas Moon Kang,Thomas Moon Kang
118,Code:Realize - Guardian of Rebirth,Switch,83,6.8,2020-02-06,Aksys Games,Otomate
119,Disc Room,PC,82,7.5,2020-10-22,Devolver Digital,"Terri, Dose, Kitty, and JW"
120,Command & Conquer Remastered Collection,PC,82,8.8,2020-06-05,Electronic Arts,Petroglyph
121,Freedom Finger,PlayStation 4,82,7.6,2020-03-24,Wide Right Interactive,Wide Right Interactive
122,Street Fighter V: Champion Edition,PlayStation 4,82,6.2,2020-02-14,Capcom,Capcom
123,Streets of Rage 4,Xbox One,82,7.8,2020-04-30,DotEmu,"BlitWorks, Lizardcube"
124,Gears Tactics,Xbox Series X,82,7.3,2020-11-10,Microsoft,Splash Damage
125,Yakuza 5 Remastered,PlayStation 4,82,7.9,2020-02-11,Sega,Ryu ga Gotoku Studios
126,Spiritfarer,Switch,82,8.1,2020-08-18,Thunder Lotus Games,Thunder Lotus Games
127,SUPERHOT: MIND CONTROL DELETE,Xbox One,82,5,2020-07-16,SUPERHOT,SUPERHOT
128,CrossCode,Switch,82,8.1,2020-07-09,Radical Fish Games,Radical Fish Games
129,Ruiner,Switch,82,8.3,2020-06-18,Devolver Digital,Reikon Games
130,Assassin's Creed Valhalla,Xbox One,82,7.5,2020-11-10,Ubisoft,"Ubisoft, Ubisoft Montreal"
131,Yakuza: Like a Dragon,PC,82,7.6,2020-11-10,Sega,Ryu ga Gotoku Studios
132,Desperados III,PlayStation 4,82,7.7,2020-06-16,THQ Nordic,Mimimi Productions
133,Super Mario 3D All-Stars,Switch,82,6.3,2020-09-18,Nintendo,Nintendo
134,Chicken Police - Paint it RED!,PC,82,7.5,2020-11-05,The Wild Gentlemen,The Wild Gentlemen
135,Bloodstained: Curse of the Moon 2,Switch,82,8.4,2020-07-10,Inti Creates,Inti Creates
136,Huntdown,PlayStation 4,82,7.2,2020-05-12,Coffee Stain Studios,"Coffee Stain Studios, Easy Trigger Games"
137,No More Heroes,Switch,82,8.6,2020-10-28,XSEED Games,"Engine Software, Grasshopper Manufacture"
138,Ys Origin,Switch,82,8.2,2020-10-01,DotEmu,Falcom
139,Under Night In-Birth Exe:Late[cl-r],Switch,82,7.6,2020-02-20,Aksys Games,French-Bread
140,Creaks,PC,82,8.2,2020-07-22,Amanita Design,Amanita Design
141,The Sims 4: Eco Lifestyle,PC,82,3,2020-06-05,Electronic Arts,Maxis
142,Borderlands Legendary Collection,Switch,82,8.2,2020-05-29,2K Games,"Gearbox Publishing, Turn Me Up Games"
143,Devil May Cry 3: Special Edition,Switch,82,8.1,2020-02-20,Capcom,Capcom
144,Streets of Rage 4,PlayStation 4,82,8.1,2020-04-30,DotEmu,"Seaven Studio, Guard Crush Games, Lizardcube"
145,Two Point Hospital,PlayStation 4,82,7.2,2020-02-25,Sega,Two Point Studios
146,Call of the Sea,Xbox One,82,7.3,2020-12-08,Raw Fury,"Out of the Blue, Inc., Out of the Blue Games S.L."
147,Crown Trick,PC,82,7.9,2020-10-16,NExT Studios,NExT Studios
148,EA SPORTS UFC 4,Xbox One,82,1.7,2020-08-14,Electronic Arts,Electronic Arts
149,Paradise Killer,PC,82,7.5,2020-09-04,Fellow Traveller,Kaizen Game Works
150,MotoGP 20,Xbox One,82,6.8,2020-04-23,Deep Silver,"Milestone S.r.l, Dorna Sports S.L."
151,Fuser,PlayStation 4,82,6.7,2020-11-10,NCSOFT,Harmonix Music Systems
152,Among Us,Switch,82,6.4,2020-12-15,Innersloth,Innersloth
153,Gears 5: Hivebusters,Xbox One,82,8.7,2020-12-15,Xbox Game Studios,The Coalition
154,Unto The End,PlayStation 4,82,5.2,2020-12-09,Big Sugar Films,2 Ton Studios
155,Tom Clancy's The Division 2: Warlords of New York,Xbox One,82,1.1,2020-03-03,Massive Entertainment,Massive Entertainment
156,Clubhouse Games: 51 Worldwide Classics,Switch,82,7.8,2020-06-05,Nintendo,"Nintendo, Nd Cube"
157,Pixel Ripped 1995,PlayStation 4,82,6.3,2020-05-12,"Arvore Immersive Experiences, LLC","Arvore Immersive Experiences, LLC"
158,DIRT 5,Xbox Series X,81,6.5,2020-11-10,Codemasters,Codemasters
159,Tokyo Mirage Sessions #FE Encore,Switch,81,6.2,2020-01-17,Nintendo,Atlus
160,Sakuna: Of Rice and Ruin,PC,81,7,2020-11-10,XSEED Games,Edelweiss
161,Paradise Killer,Switch,81,8.3,2020-09-04,Fellow Traveller,Kaizen Game Works
162,Remnant: From the Ashes - Swamps of Corsus,PC,81,6.8,2020-04-28,Perfect World Entertainment,Gunfire Games
163,Going Under,Switch,81,9.5,2020-09-24,Team17,AggroCrab
164,Jet Lancer,Switch,81,8.1,2020-05-12,Armor Games,Vladimir Fedyushkin
165,Hunt: Showdown,PlayStation 4,81,6.9,2020-02-18,Crytek,Crytek
166,Aviary Attorney: Definitive Edition,Switch,81,7.9,2020-01-30,Vertical Reach,Sketchy Logic
167,SnowRunner,PC,81,6.6,2020-04-28,Focus Home Interactive,Saber Interactive
168,The Pedestrian,PC,81,7.5,2020-01-29,Skookum Arts LLC,Skookum Arts LLC
169,Chicken Police - Paint it RED!,Xbox One,81,8.3,2020-11-05,HandyGames,The Wild Gentlemen
170,Bloodroots,PlayStation 4,81,6.6,2020-02-28,Paper Cult,Paper Cult
171,Operencia: The Stolen Sun,Switch,81,7.6,2020-03-31,Zen Studios,Zen Studios
172,Wunderling,Switch,81,8,2020-03-05,Retroid,Retroid
173,Rune Factory 4 Special,Switch,81,8.1,2020-02-25,XSEED Games,"Neverland, HAKAMA"
174,Fuser,Xbox One,81,7.2,2020-11-10,NCSOFT,Harmonix Music Systems
175,Filament,PC,81,7.5,2020-04-23,Kasedo Games,Beard Envy
176,SnowRunner,Xbox One,81,7.4,2020-04-28,Focus Home Interactive,Saber Interactive
177,SnowRunner,PlayStation 4,81,6.9,2020-04-28,Focus Home Interactive,Saber Interactive
178,CrossCode,PlayStation 4,81,7.2,2020-07-09,DECK13 Spotlight,Radical Fish Games
179,The Walking Dead: Saints & Sinners,PC,81,7.9,2020-01-23,Skydance Interactive,Skydance Interactive
180,Genshin Impact,PlayStation 4,81,6.2,2020-09-28,miHoYo,miHoYo
181,Ghostrunner,PC,81,8.3,2020-10-27,505 Games,ONE MORE LEVEL
182,Neon Abyss,Xbox One,81,6.8,2020-07-14,Team17,Veewo Games
183,The Legend of Heroes: Trails of Cold Steel IV,PlayStation 4,81,8.8,2020-10-27,NIS America,Falcom
184,The Last Campfire,Switch,81,7.8,2020-08-27,Hello Games,Hello Games
185,Necrobarista,PC,81,6.6,2020-07-22,Route 59 Games,Route 59 Games
186,PHOGS!,Xbox One,81,8.1,2020-12-03,Coatsink Software,Coatsink Software
187,Nowhere Prophet,Switch,81,6,2020-07-30,No More Robots,Sharkbomb Studios
188,Get Packed,Stadia,81,7.1,2020-04-28,Coatsink Software,Moonshine Studios
189,Creature in the Well,PlayStation 4,81,6.5,2020-03-27,MWM Interactive,Flight School Studio
190,Planet Coaster: Console Edition,PlayStation 5,81,7.4,2020-11-12,Frontier Developments,Frontier Developments
191,Fall Guys: Ultimate Knockout,PlayStation 4,81,7.1,2020-08-04,Devolver Digital,Mediatonic
192,WRC 9 FIA World Rally Championship,PlayStation 4,81,6.6,2020-09-04,Bigben Interactive,KT Racing
193,AVICII Invector Encore Edition,Switch,81,7.7,2020-09-08,Wired Productions,Wired Productions
194,Immortals: Fenyx Rising,Xbox Series X,80,7.7,2020-12-03,Ubisoft,Ubisoft Quebec
195,Gears Tactics,PC,80,7.7,2020-04-28,Microsoft Game Studios,"Splash Damage, The Coalition"
196,Per Aspera,PC,80,6.6,2020-12-03,Raw Fury,Tlon Studios
197,Metro Redux,Switch,80,8.4,2020-02-28,Deep Silver,4A Games
198,PHOGS!,Switch,80,8,2020-12-03,Coatsink Software,Bit Loom Games
199,Chicken Police - Paint it RED!,Switch,80,8,2020-11-05,HandyGames,HandyGames
200,Vitamin Connection,Switch,80,7.8,2020-01-17,Limited Run Games,WayForward
201,Amnesia: Rebirth,PC,80,6.4,2020-10-20,Frictional Games,Frictional Games
202,Pumpkin Jack,Xbox One,80,6,2020-10-23,Headup Games,Nicolas Meyssonnier
203,Embracelet,Switch,80,8,2020-09-24,machineboy,machineboy
204,Catherine: Full Body,Switch,80,8.4,2020-07-07,Atlus,"Atlus, Studio Zero"
205,Assassin's Creed Valhalla,PlayStation 4,80,7.3,2020-11-10,Ubisoft,"Ubisoft, Ubisoft Montreal"
206,DOOM Eternal,Switch,80,8.2,2020-12-08,Bethesda Softworks,"id Software, Panic Button"
207,NBA 2K21,Xbox Series X,80,7,2020-11-10,2K Games,Visual Concepts
208,Monster Prom 2: Monster Camp,PC,80,8,2020-10-23,Beautiful Glitch,Beautiful Glitch
209,Under Night In-Birth Exe:Late[cl-r],PlayStation 4,80,6.3,2020-02-20,Aksys Games,French-Bread
210,Going Under,PlayStation 4,80,8,2020-09-24,Team17,AggroCrab
211,Crown Trick,Switch,80,8.4,2020-10-16,NExT Studios,NExT Studios
212,Mega Man Zero / ZX Legacy Collection,Xbox One,80,7.9,2020-02-25,Capcom,Capcom
213,Neon Abyss,PlayStation 4,80,8,2020-07-14,Veewo Games,Veewo Games
214,Super Mega Baseball 3,PlayStation 4,80,6.4,2020-05-13,Metalhead Software,Metalhead Software
215,Sakuna: Of Rice and Ruin,Switch,80,8.3,2020-11-10,XSEED Games,Edelweiss
216,Kingdom Hearts: Melody of Memory,Switch,80,7.7,2020-11-13,Square Enix,Square Enix
217,Bloodstained: Curse of the Moon 2,PC,80,8,2020-07-10,Inti Creates,Inti Creates
218,Sega Ages: Thunder Force AC,Switch,80,8,2020-05-28,Sega,"M2, TechnoSoft"
219,DIRT 5,PlayStation 5,80,5.3,2020-11-12,Deep Silver,Codemasters
220,The Pathless,PC,80,7.3,2020-11-12,Giant Squid,Giant Squid
221,Mad Rat Dead,Switch,80,8.4,2020-10-30,NIS America,Nippon Ichi Software
222,ScourgeBringer,Switch,80,8,2020-10-21,character(0),Flying Oak Games
223,Superliminal,PlayStation 4,80,7.1,2020-07-07,Pillow Castle Games,Pillow Castle Games
224,Mr. Driller: Drill Land,Switch,80,7.8,2020-06-25,Bandai Namco Games,Bandai Namco Games
225,Valorant,PC,80,5.1,2020-06-02,Riot Games,Riot Games
226,Fall Guys: Ultimate Knockout,PC,80,7.4,2020-08-04,Devolver Digital,Mediatonic
227,Fuser,Switch,80,8.2,2020-11-09,NCSOFT,Harmonix Music Systems
228,Faeria,Switch,80,7.3,2020-08-13,Versus Evil,Abrakam SA
229,Mega Man Zero / ZX Legacy Collection,PlayStation 4,80,8.1,2020-02-25,Capcom,Capcom
230,Super Bomberman R Online,Stadia,80,8,2020-09-01,Konami,Konami
231,Telling Lies,Switch,80,6.4,2020-04-28,Annapurna Interactive,Sam Barlow
232,Shantae and the Seven Sirens,PC,80,6.1,2020-05-28,WayForward,WayForward
233,WRC 9 FIA World Rally Championship,PC,80,6.7,2020-09-03,Nacon,KT Racing
234,Superliminal,Xbox One,80,9.6,2020-07-07,Pillow Castle Games,Pillow Castle Games
235,Visage,PlayStation 4,80,7.9,2020-10-31,SadSquare Studio,SadSquare Studio
236,Paper Mario: The Origami King,Switch,80,6.9,2020-07-17,Nintendo,Intelligent Systems
237,I Am Dead,Switch,80,6.8,2020-10-08,Annapurna Interactive,Hollow Ponds and Richard Hogg
238,Call of Duty: Warzone,PC,80,3.6,2020-03-10,Activision,Infinity Ward
239,Total War: Three Kingdoms - Mandate of Heaven,PC,80,6.6,2020-01-16,Sega,Creative Assembly
240,Total War: Three Kingdoms - A World Betrayed,PC,80,5.8,2020-03-19,Sega,Creative Assembly
241,Pure Pool,Switch,79,7.9,2020-11-17,Ripstone,VooFoo Studios
242,Telling Lies,PlayStation 4,79,6,2020-04-28,Annapurna Interactive,Sam Barlow
243,Wide Ocean Big Jacket,Switch,79,7.4,2020-02-04,Tender Claws,Turnfollow
244,Atelier Dusk Trilogy Deluxe Pack,PlayStation 4,79,6.2,2020-01-14,Koei Tecmo Games,Gust
245,Indivisible,Switch,79,7.4,2020-04-28,505 Games,Lab Zero Games
246,Shantae and the Seven Sirens,Switch,79,6.5,2020-05-28,WayForward,WayForward
247,Alwa's Legacy,Switch,79,8,2020-09-29,Elden Pixels,Elden Pixels
248,Bugsnax,PlayStation 4,79,7.9,2020-11-12,"Young Horses, Inc","Young Horses, Inc"
249,Star Wars: Squadrons,PC,79,5.6,2020-10-01,Electronic Arts,Motive Studios
250,Hotshot Racing,Xbox One,79,7.5,2020-09-10,Sumo Digital,Lucky Mountain Games
251,Naruto Shippuden: Ultimate Ninja Storm 4 - Road to Boruto,Switch,79,8,2020-04-24,Bandai Namco Games,CyberConnect2
252,Planet Coaster: Console Edition,PlayStation 4,79,5.9,2020-11-10,Frontier Developments,Frontier Developments
253,DIRT 5,PlayStation 4,79,5.4,2020-11-03,Codemasters,Codemasters
254,Five Dates,PlayStation 4,79,6.1,2020-11-17,Wales Interactive Ltd.,Good Gate Media
255,EarthNight,PlayStation 4,79,6.8,2020-01-23,cleaversoft,cleaversoft
256,Stories Untold,Switch,79,8.5,2020-01-16,Devolver Digital,No Code
257,Hatsune Miku: Project Diva MegaMix,Switch,79,8.2,2020-05-15,Sega,Sega AM2
258,Project Warlock,Xbox One,79,5.8,2020-06-12,Crunching Koalas,Crunching Koalas
259,Pirates Outlaws,PC,79,7.7,2020-04-13,Fabled Game,Fabled Game
260,DOOM Eternal: The Ancient Gods Part One,PC,79,8,2020-10-20,Bethesda Softworks,id Software
261,Puyo Puyo Tetris 2,Switch,79,8.5,2020-12-08,Sega,Sega
262,The Walking Dead: Saints & Sinners,PlayStation 4,79,8,2020-05-05,Skydance Interactive,Skydance Interactive
263,Mortal Kombat 11: Aftermath,Xbox One,79,6.7,2020-05-26,Warner Bros. Interactive Entertainment,NetherRealm Studios
264,Observer: System Redux,PlayStation 5,79,8,2020-11-12,Aspyr,Bloober Team
265,Call of Duty: Warzone,Xbox One,79,4.7,2020-03-10,Activision,Infinity Ward
266,Murder by Numbers,PC,79,7.2,2020-03-06,The Irregular Corporation,Mediatonic
267,Call of Duty: Warzone,PlayStation 4,79,4.5,2020-03-10,Activision,Infinity Ward
268,TENS!,Switch,79,7.9,2020-11-05,Kwalee Ltd,Kwalee Ltd
269,Resident Evil 3,PlayStation 4,79,6.5,2020-04-03,Capcom,"Capcom, M-Two"
270,Nioh 2: Darkness in the Capital,PlayStation 4,79,6.8,2020-10-15,Koei Tecmo Games,Team Ninja
271,Sniper Elite 4,Switch,79,8.2,2020-11-17,Rebellion,Rebellion
272,Mafia: Definitive Edition,PC,79,6.9,2020-09-24,2K Games,Hangar 13
273,NBA 2K21,PlayStation 5,79,3.4,2020-11-12,2K Games,Visual Concepts
274,Star Wars: Squadrons,PlayStation 4,79,5.7,2020-10-02,Electronic Arts,Motive Studios
275,The Sims 4: Snowy Escape,PC,79,4.5,2020-11-13,Electronic Arts,Maxis
276,PHOGS!,PlayStation 4,79,7.9,2020-12-03,Coatsink Software,Coatsink Software
277,Foregone,Xbox One,79,7.9,2020-10-13,Big Blue Bubble Inc.,Big Blue Bubble Inc.
278,Spellbreak,PC,79,8.1,2020-09-03,"Proletariat, Inc.","Proletariat, Inc."
279,Fury Unleashed,PC,79,7.1,2020-05-08,Awesome Games Studio,Awesome Games Studio
280,Sackboy: A Big Adventure,PlayStation 5,79,9,2020-11-12,PlayStation Studios,Sumo Digital
281,Paper Beast,PlayStation 4,79,7.6,2020-03-24,Pixel Reef,Pixel Reef
282,Neon Abyss,Switch,79,5.2,2020-07-14,Veewo Games,Veewo Games
283,Wildfire,PC,79,7.9,2020-05-25,Sneaky Bastards,Sneaky Bastards
284,Frostpunk: The Last Autumn,PC,79,7.9,2020-01-21,11 bit studios,11 bit studios
285,Wasteland 3,PlayStation 4,79,6.8,2020-08-28,InXile Entertainment,InXile Entertainment
286,Tom Clancy's The Division 2: Warlords of New York,PC,79,0.5,2020-03-03,Massive Entertainment,Massive Entertainment
287,Part Time UFO,Switch,79,7.3,2020-10-28,Nintendo,HAL Labs
288,Mafia: Definitive Edition,Xbox One,79,7.6,2020-09-25,2K Games,Hangar 13
289,Moving Out,PC,79,7.4,2020-04-28,Team17,SMG Studio
290,Sega Ages: Puyo Puyo 2,Switch,78,7.8,2020-02-20,Sega,"M2, Compile"
291,Othercide,PC,78,6.9,2020-07-27,Focus Home Interactive,Lightbulb Crew
292,Relicta,Xbox One,78,6.6,2020-08-04,Ravenscourt,Mighty Polygon
293,Hyrule Warriors: Age of Calamity,Switch,78,8.1,2020-11-20,Nintendo,"Omega Force, Koei Tecmo Games"
294,Aokana - Four Rhythms Across the Blue,Switch,78,7.8,2020-08-21,PQube,"NekoNyan Ltd., Sprite"
295,Tell Me Why,Xbox One,78,6,2020-08-27,Xbox Game Studios,DONTNOD Entertainment
296,Observer: System Redux,Xbox Series X,78,7.1,2020-11-10,Aspyr,Bloober Team
297,Budget Cuts,PlayStation 4,78,7.8,2020-07-10,Neat Corporation,Neat Corporation
298,Ibb & Obb,Switch,78,6.8,2020-03-05,Sparpweed,Sparpweed
299,Double Dragon & Kunio-kun Retro Brawler Bundle,Switch,78,8,2020-02-20,Arc System Works,Arc System Works
300,Granblue Fantasy: Versus,PlayStation 4,78,6.4,2020-03-03,XSEED Games,Arc System Works
301,Immortals: Fenyx Rising,PC,78,7.9,2020-12-03,Ubisoft,Ubisoft Quebec
302,Freedom Finger,Xbox One,78,8.7,2020-03-24,Wide Right Interactive,Wide Right Interactive
303,SUPERHOT: MIND CONTROL DELETE,PC,78,6.6,2020-07-16,SUPERHOT,SUPERHOT
304,Alba: a Wildlife Adventure,PC,78,8,2020-12-11,ustwo,ustwo
305,Mobile Suit Gundam: Extreme VS. MaxiBoost ON,PlayStation 4,78,7.3,2020-07-30,Bandai Namco Games,Bandai Namco Games
306,Visage,Xbox One,78,7.3,2020-10-30,SadSquare Studio,SadSquare Studio
307,In Other Waters,Switch,78,6.6,2020-04-03,Fellow Traveller,Jump Over The Age
308,The Room VR: A Dark Matter,PC,78,7.8,2020-03-26,Fireproof Games,Fireproof Games
309,Burnout Paradise Remastered,Switch,78,7.8,2020-06-19,Electronic Arts,STELLAR ENTERTAINMENT SOFTWARE LTD
310,The Procession to Calvary,PC,78,7.2,2020-04-09,Joe Richardson,Joe Richardson
311,Not Tonight: Take Back Control Edition,Switch,78,5.8,2020-01-31,No More Robots,Panic Barn Ltd
312,Spellbreak,Xbox One,78,7.3,2020-09-03,"Proletariat, Inc.","Proletariat, Inc."
313,Control: The Foundation,PlayStation 4,78,6.2,2020-03-26,505 Games,Remedy Entertainment
314,Murder by Numbers,Switch,78,7.5,2020-03-05,The Irregular Corporation,Mediatonic
315,Sega Ages: Shinobi,Switch,78,7.7,2020-01-23,Sega,"Sega, M2"
316,KUNAI,PC,78,7.8,2020-02-06,TurtleBlaze,TurtleBlaze
317,Moving Out,Xbox One,78,6.8,2020-04-28,Team17,Sold Out
318,Shady Part of Me,PC,78,6.2,2020-12-10,Focus Home Interactive,Douze Dixiemes
319,Remnant: From the Ashes - Subject 2923,PC,78,5.7,2020-08-20,Perfect World Entertainment,Gunfire Games
320,Trials of Mana,PC,78,7.7,2020-04-24,Square Enix,"Square Enix, Xeen"
321,John Wick Hex,PlayStation 4,78,5.8,2020-05-05,Good Shepherd Entertainment,Mike Bithell
322,Oddworld: Abe's Oddysee - New 'n' Tasty,Switch,78,7.4,2020-10-27,Oddworld Inhabitants,Square One Games
323,Fury Unleashed,PlayStation 4,78,6.6,2020-05-08,Awesome Games Studio,Awesome Games Studio
324,Good Job!,Switch,78,7.7,2020-03-26,Nintendo,"Nintendo, Paladin Studios"
325,Sakuna: Of Rice and Ruin,PlayStation 4,78,8,2020-11-10,XSEED Games,Edelweiss
326,RIDE 4,Xbox One,78,4.3,2020-10-05,Milestone S.r.l,Milestone S.r.l
327,Going Under,PC,78,7.8,2020-09-24,Team17,AggroCrab
328,Haven,Xbox Series X,78,7.5,2020-12-03,The Game Bakers,The Game Bakers
329,EA SPORTS UFC 4,PlayStation 4,78,1.5,2020-08-14,Electronic Arts,Electronic Arts
330,PGA Tour 2K21,Xbox One,78,6.2,2020-08-21,2K Games,HB Studios Multimedia
331,Star Wars: Squadrons,Xbox One,78,5,2020-10-02,Electronic Arts,Motive Studios
332,art of rally,PC,78,7.4,2020-09-23,Funselektor Labs Inc.,Funselektor Labs Inc.
333,Iratus: Lord of the Dead,PC,78,6.6,2020-04-23,Unfrozen,Unfrozen
334,Inmost,Switch,78,7.6,2020-08-21,Chucklefish,Hidden Layer Games
335,Atomicrops,PC,78,7.4,2020-05-28,Raw Fury,"Daniel Wynne, Bird Bath Games"
336,Depixtion,Switch,78,7.8,2020-02-28,"DevHour Games, LLC","DevHour Games, LLC"
337,Story of Seasons: Friends of Mineral Town,Switch,77,8.1,2020-07-14,XSEED Games,Marvelous Inc.
338,Shinsekai: Into the Depths,Switch,77,7.9,2020-03-26,Capcom,Capcom
339,HARDCORE MECHA,PlayStation 4,77,6.8,2020-01-14,Arc System Works,"RocketPunch Games, China Hero Project"
340,The Pathless,PlayStation 5,77,8.1,2020-11-12,iam8bit,Giant Squid
341,I Am Dead,PC,77,5.8,2020-10-08,Annapurna Interactive,Hollow Ponds and Richard Hogg
342,Othercide,PlayStation 4,77,7.4,2020-07-28,Focus Home Interactive,Lightbulb Crew
343,Football Manager 2021,Xbox Series X,77,7.7,2020-11-30,Sega,Sports Interactive
344,Pillars of Eternity II: Deadfire,PlayStation 4,77,4.8,2020-01-28,Obsidian Entertainment,Obsidian Entertainment
345,Moon: Remix RPG Adventure,Switch,77,7.9,2020-08-27,Onion Games,Onion Games
346,Let's Sing Queen,PlayStation 4,77,7.7,2020-10-02,Deep Silver,Ravenscourt
347,XCOM 2 Collection,Switch,77,6.6,2020-05-29,2K Games,Firaxis Games
348,Call of the Sea,PC,77,7.2,2020-12-08,Raw Fury,"Out of the Blue, Inc., Out of the Blue Games S.L."
349,Super Crush K.O.,Switch,77,7.8,2020-01-16,Vertex Pop,Vertex Pop
350,Fae Tactics,PC,77,4.8,2020-07-31,Humble Bundle,"Humble Bundle, Humble Games"
351,Yakuza 3 Remastered,PlayStation 4,77,7.3,2020-02-11,Sega,Ryu ga Gotoku Studios
352,The Turing Test,Switch,77,5.5,2020-02-07,Square Enix,Bulkhead Interactive
353,SUPERHOT: MIND CONTROL DELETE,PlayStation 4,77,6.5,2020-07-16,SUPERHOT,SUPERHOT
354,Deliver Us The Moon,PlayStation 4,77,6.7,2020-04-24,Wired Productions,KeokeN Interactive
355,Ion Fury,Switch,77,7.6,2020-05-14,1C Entertainment,"3D Realms, Voidpoint, LLC"
356,Signs of the Sojourner,PC,77,8.1,2020-05-14,Echodog Games,Echodog Games
357,A Fold Apart,PC,77,7.8,2020-04-16,Lightning Rod Games,Lightning Rod Games
358,FORM,PlayStation 4,77,5.3,2020-04-07,Charm Games,Charm Games
359,DOOM 64,Switch,77,8,2020-03-20,Bethesda Softworks,"id Software, Night Dive Studios"
360,Star Renegades,PC,77,5.9,2020-09-08,"Massive Damage, Inc.","Massive Damage, Inc."
361,FIFA 21,Xbox One,77,1,2020-10-06,Electronic Arts,Electronic Arts
362,The Last Campfire,PC,77,7.6,2020-08-27,Hello Games,Hello Games
363,XCOM: Chimera Squad,PC,77,4.7,2020-04-23,2K Games,Firaxis Games
364,Panzer Paladin,Switch,77,7,2020-07-21,Tribute Games,Tribute Games
365,Zombie Army 4: Dead War,Xbox One,77,6.8,2020-02-04,Rebellion,Rebellion
366,Timelie,PC,77,6.7,2020-05-20,Urnique Studio,Urnique Studio
367,Resident Evil 3,PC,77,5.6,2020-04-03,Capcom,M-Two
368,Darksiders Genesis,Xbox One,77,5.6,2020-02-14,THQ Nordic,Airship Syndicate Entertainment
369,Call of Duty: Black Ops Cold War,Xbox Series X,77,2.9,2020-11-13,Activision,"Raven Software, Treyarch"
370,Nioh 2: The Tengu's Disciple,PlayStation 4,77,8.3,2020-07-30,Sony Interactive Entertainment,Team Ninja
371,Borderlands 3: Bounty of Blood,PC,77,5.1,2020-06-25,Gearbox Publishing,Gearbox Software
372,The Survivalists,PlayStation 4,77,5,2020-10-09,Team17,Team17
373,Hotshot Racing,PlayStation 4,77,5.8,2020-09-10,Sumo Digital,Lucky Mountain Games
374,PGA Tour 2K21,PC,77,7.6,2020-08-20,2K Games,HB Studios Multimedia
375,Darksiders Genesis,PlayStation 4,77,7.5,2020-02-14,THQ Nordic,Airship Syndicate Entertainment
376,The Pathless,PlayStation 4,77,7.5,2020-11-12,Giant Squid,Giant Squid
377,Moving Out,Switch,77,7,2020-04-28,Team17,SMG Studio
378,Call of the Sea,Xbox Series X,77,7.4,2020-12-08,Raw Fury,"Out of the Blue, Inc., Out of the Blue Games S.L."
379,Do Not Feed the Monkeys,Switch,77,7.7,2020-06-01,Alawar Premium,Alawar Premium
380,Control: The Foundation,PC,77,6.1,2020-03-26,505 Games,Remedy Entertainment
381,Immortals: Fenyx Rising,Switch,76,8,2020-12-03,Ubisoft,Ubisoft Quebec
382,One Piece: Pirate Warriors 4,Xbox One,76,5.9,2020-03-27,Bandai Namco Games,Omega Force
383,Carrion,Switch,76,8.1,2020-07-23,Devolver Digital,Phobia Game Studio
384,MotoGP 20,PlayStation 4,76,7.3,2020-04-23,Deep Silver,"Milestone S.r.l, Dorna Sports S.L."
385,Trials of Mana,PlayStation 4,76,7.4,2020-04-24,Square Enix,"Square Enix, Xeen"
386,The Long Dark,Switch,76,7.4,2020-09-17,Hinterland,Hinterland
387,DOOM Eternal: The Ancient Gods Part One,PlayStation 4,76,6.7,2020-10-20,Bethesda Softworks,id Software
388,Roki,PC,76,7.9,2020-07-23,United Label,Polygon Treehouse
389,PGA Tour 2K21,PlayStation 4,76,7.1,2020-08-21,2K Games,HB Studios Multimedia
390,Pacer,PlayStation 4,76,6.3,2020-10-22,R8 Games,R8 Games
391,Inmost,PC,76,8.1,2020-08-21,Chucklefish,Hidden Layer Games
392,ScourgeBringer,PC,76,7.4,2020-10-21,Dear Villagers,Flying Oak Games
393,Ghostrunner,PlayStation 4,76,7.7,2020-10-27,All in! Games,ONE MORE LEVEL
394,Saints Row: The Third Remastered,Xbox One,76,6.9,2020-05-22,Deep Silver,Sperasoft
395,Shady Part of Me,PlayStation 4,76,6.7,2020-12-10,Focus Home Interactive,Douze Dixiemes
396,Deliver Us The Moon,Xbox One,76,7.2,2020-04-23,Wired Productions,KeokeN Interactive
397,ITTA,Switch,76,7.7,2020-04-22,Armor Games,Glass Revolver
398,Airborne Kingdom,PC,76,7.7,2020-12-17,The Wandering Band LLC,The Wandering Band LLC
399,Need for Speed: Hot Pursuit Remastered,Xbox One,76,6.7,2020-11-06,Electronic Arts,Criterion Games
400,Cake Bash,PlayStation 4,76,6.3,2020-10-15,Coatsink Software,High Tea Frog
401,Call of Duty: Black Ops Cold War,PlayStation 5,76,3.7,2020-11-13,Activision,"Raven Software, Treyarch"
402,Call of Duty: Black Ops Cold War,PC,76,2.9,2020-11-13,Activision,"Raven Software, Treyarch"
403,Werewolf: The Apocalypse - Heart of the Forest,PC,76,5.6,2020-10-13,Walkabout Games,Different Tales
404,Brigandine: The Legend of Runersia,Switch,76,8.3,2020-06-25,Happinet Corporation,"Matrix Software, Happinet Corporation"
405,Beautiful Desolation,PC,76,7.6,2020-02-26,THE BROTHERHOOD,THE BROTHERHOOD
406,Monster Sanctuary,Switch,76,8.2,2020-12-08,Team17,Moi Rai Games
407,RIDE 4,PC,76,6.9,2020-10-08,Milestone S.r.l,Milestone S.r.l
408,Mortal Shell,PC,76,6.6,2020-08-18,Playstack,Cold Symmetry
409,Noita,PC,76,7.5,2020-10-15,Nolla Games,Nolla Games
410,Mafia: Definitive Edition,PlayStation 4,76,7,2020-09-25,2K Games,Hangar 13
411,Leisure Suit Larry: Wet Dreams Dry Twice,PC,76,5.9,2020-10-23,Assemble Entertainment,CrazyBunch
412,Minoria,PlayStation 4,76,6.8,2020-09-10,DANGEN Entertainment,Bombservice
413,Control: AWE,PlayStation 4,76,6.8,2020-08-27,505 Games,Remedy Entertainment
414,Samurai Shodown,PC,76,6.2,2020-06-11,SNK Corporation,SNK Corporation
415,Broken Lines,PC,76,7.4,2020-02-25,SUPER.COM,PortaPlay
416,Bloodroots,PC,76,6.4,2020-02-28,Paper Cult,Paper Cult
417,Ghostrunner,Xbox One,76,8.1,2020-10-27,All in! Games,ONE MORE LEVEL
418,Fury Unleashed,Switch,76,7.4,2020-05-08,Awesome Games Studio,Awesome Games Studio
419,Journey to the Savage Planet,Xbox One,76,6.2,2020-01-28,505 Games,Typhoon Studios
420,Carrion,Xbox One,76,7.6,2020-07-23,Devolver Digital,Phobia Game Studio
421,Hotshot Racing,Switch,76,6.3,2020-09-10,Sumo Digital,Lucky Mountain Games
422,Panzer Paladin,PC,76,7.6,2020-07-21,Tribute Games,Tribute Games
423,New Super Lucky's Tale,PlayStation 4,76,7.4,2020-08-21,PQube,Playful Corp.
424,Hunt: Showdown,Xbox One,76,6.6,2020-02-18,Crytek,Crytek
425,Puyo Puyo Tetris 2,PlayStation 5,76,7,2020-12-08,Sega,Sega
426,Journey of the Broken Circle,Switch,76,7.1,2020-09-18,Nakana.io,Lovable Hat Cult
427,Immortals: Fenyx Rising,PlayStation 5,76,7.8,2020-12-03,Ubisoft,Ubisoft Quebec
428,Mortal Shell,PlayStation 4,76,7.3,2020-08-18,Playstack,Cold Symmetry
429,Post Void,PC,76,7.5,2020-08-06,YCJY Games,YCJY Games
430,Utawarerumono: Prelude to the Fallen,PlayStation 4,76,6.1,2020-05-26,NIS America,Aqua Plus
431,Watch Dogs: Legion,Xbox One,76,6.1,2020-10-29,Ubisoft,Ubisoft
432,Journey to the Savage Planet,PC,76,6.7,2020-01-28,505 Games,Typhoon Studios
433,Darius Cozmic Collection: Arcade,Switch,76,7.6,2020-06-16,ININ Games,"M2, ININ Games"
434,Destiny 2: Beyond Light,PlayStation 4,76,4,2020-11-10,Bungie,Bungie
435,Langrisser I & II,Switch,76,7.6,2020-03-10,NIS America,Kadokawa
436,Call of Duty: Black Ops Cold War,PlayStation 4,76,3.3,2020-11-13,Activision,"Raven Software, Treyarch"
437,The Jackbox Party Pack 7,Switch,76,9,2020-10-15,"Jackbox Games, Inc.","Jackbox Games, Inc."
438,Need for Speed: Hot Pursuit Remastered,Switch,76,7.9,2020-11-13,Electronic Arts,Criterion Games
439,The Wonderful 101: Remastered,PlayStation 4,76,6.3,2020-05-19,PlatinumGames,PlatinumGames
440,VirtuaVerse,PC,75,7.9,2020-05-12,Blood Music,Theta Division
441,TT Isle of Man: Ride On The Edge 2,Xbox One,75,7.2,2020-03-19,Bigben Interactive,KT Racing
442,Shantae and the Seven Sirens,Xbox One,75,5.1,2020-05-28,WayForward,WayForward
443,Shiren The Wanderer: The Tower of Fortune and the Dice of Fate,Switch,75,7.3,2020-12-02,Spike Chunsoft,Spike Chunsoft
444,DOOM 64,PlayStation 4,75,7,2020-03-20,Bethesda Softworks,Night Dive Studios
445,The Jackbox Party Pack 7,Xbox One,75,7.5,2020-10-15,"Jackbox Games, Inc.","Jackbox Games, Inc."
446,Vigil: The Longest Night,PC,75,6.9,2020-10-14,Glass Heart Games,Glass Heart Games
447,Samurai Shodown,Switch,75,7.4,2020-02-25,SNK,"SNK Corporation, Safari Games"
448,Descenders,PlayStation 4,75,4.9,2020-08-25,Sold Out,RageSquid
449,The Persistence,Xbox One,75,4.7,2020-05-21,Firesprite,Firesprite
450,El Hijo - A Wild West Tale,PC,75,7.5,2020-12-03,HandyGames,Honig Studios
451,Age of Empires III: Definitive Edition,PC,75,5.3,2020-10-15,Xbox Game Studios,Tantalus
452,Manifold Garden,Switch,75,7.3,2020-08-18,William Chyr Studio LLC,William Chyr Studio LLC
453,One Piece: Pirate Warriors 4,PlayStation 4,75,7.3,2020-03-27,Bandai Namco Games,Omega Force
454,Ys: Memories of Celceta,PlayStation 4,75,7.2,2020-06-09,XSEED Games,Falcom
455,Mortal Shell,Xbox One,75,7.2,2020-08-18,Playstack,Cold Symmetry
456,Iron Harvest,PC,75,6.5,2020-09-01,Deep Silver,KING Art
457,LUNA The Shadow Dust,PC,75,7,2020-02-13,Coconut Island Games,Lantern Studio
458,Beyond Blue,PlayStation 4,75,8.4,2020-06-11,E-Line Media,E-Line Media
459,Pokemon Sword / Shield: The Crown Tundra,Switch,75,7.4,2020-10-22,Nintendo,Game Freak
460,Cake Bash,Switch,75,7.5,2020-11-19,Coatsink Software,Coatsink Software
461,Need for Speed: Hot Pursuit Remastered,PC,75,3.4,2020-11-06,Electronic Arts,Criterion Games
462,ScourgeBringer,Xbox One,75,7.5,2020-10-21,Flying Oak Games,Flying Oak Games
463,Superliminal,Switch,75,9.6,2020-07-07,Pillow Castle Games,Pillow Castle Games
464,Death Come True,Switch,75,4.3,2020-06-24,Izanagi Games,"Izanagi Games, Too Kyo Games"
465,Evan's Remains,PC,75,7.5,2020-06-11,Whitethorn Digital,Matias Schmied
466,"Yes, Your Grace",PC,75,7.7,2020-03-06,No More Robots,Brave at Night
467,Below,PlayStation 4,75,4.8,2020-04-07,Capy Games,Capy Games
468,Jurassic World Evolution: Complete Edition,Switch,75,8.3,2020-11-03,Frontier Developments,Frontier Developments
469,Assetto Corsa Competizione,Xbox One,75,4.8,2020-06-23,505 Games,505 Games
470,Mortal Kombat 11: Aftermath,PlayStation 4,75,6.1,2020-05-26,Warner Bros. Interactive Entertainment,NetherRealm Studios
471,Willy Jetman: Astromonkey's Revenge,Switch,75,7.5,2020-01-31,BadLand Publishing,"BLG Publishing, Last Chicken Games"
472,The Room VR: A Dark Matter,PlayStation 4,75,6.1,2020-03-26,Fireproof Games,Fireproof Games
473,Fire Emblem: Three Houses - Side Story: Cindered Shadows,Switch,75,7.6,2020-02-13,Nintendo,Intelligent Systems
474,Patapon 2 Remastered,PlayStation 4,75,7,2020-01-30,SCEA,SCE Japan Studio
475,DIRT 5,PC,75,3.9,2020-11-06,Deep Silver,Codemasters
476,Mario Kart Live: Home Circuit,Switch,75,7.3,2020-10-16,Nintendo,"Nintendo, Velan Studios"
477,Bloodroots,Switch,75,7.7,2020-02-28,Paper Cult,Paper Cult
478,Amnesia: Rebirth,PlayStation 4,75,6.5,2020-10-20,Frictional Games,Frictional Games
479,Kingdom Hearts: Melody of Memory,PlayStation 4,75,7,2020-11-13,Square Enix,Square Enix
480,Need for Speed: Hot Pursuit Remastered,PlayStation 4,75,4.6,2020-11-06,Electronic Arts,Criterion Games
481,Carto,PlayStation 4,75,7.5,2020-10-27,Humble Games,Sunhead Games
482,Bugsnax,PlayStation 5,75,8.1,2020-11-12,"Young Horses, Inc","Young Horses, Inc"
483,inbento,Switch,75,8,2020-03-12,7Levels,Afterburn
484,A Total War Saga: TROY,PC,75,6,2020-08-13,SegaSoft,Creative Assembly
485,Neversong,PC,75,7.6,2020-05-20,Serenity Forge,"Serenity Forge, Thomas Brush"
486,Samurai Jack: Battle Through Time,Xbox One,75,8,2020-08-21,Adult Swim,Soleil
487,Coffee Talk,PC,75,7.4,2020-01-29,Toge Productions,Toge Productions
488,Phantom: Covert Ops,PC,75,8.5,2020-06-23,nDreams,nDreams
489,Super Mario Bros. 35,Switch,75,7.5,2020-10-01,Nintendo,Nintendo
490,Carrion,PC,75,7.9,2020-07-23,Devolver Digital,Phobia Game Studio
491,Ion Fury,PlayStation 4,75,6.6,2020-05-14,1C Entertainment,"3D Realms, Voidpoint, LLC"
492,Arcade Spirits,Switch,74,7.4,2020-05-01,PQube,Fiction Factory Games
493,Rock of Ages 3: Make & Break,Xbox One,74,7.4,2020-07-21,Modus Games,ACE Team
494,Angry Video Game Nerd I & II Deluxe,Switch,74,8.3,2020-10-30,FreakZone,FreakZone
495,Project Wingman,PC,74,8.4,2020-12-01,Sector D2,Sector D2
496,Tell Me Why,PC,74,5.3,2020-08-27,Xbox Game Studios,DONTNOD Entertainment
497,Darksiders Genesis,Switch,74,7.5,2020-02-14,THQ Nordic,Airship Syndicate Entertainment
498,Neon Abyss,PC,74,6,2020-07-14,Veewo Games,Veewo Games
499,MindSeize,Switch,74,8,2020-09-29,First Press Games,Kamina Dimension
500,Death end re;Quest 2,PlayStation 4,74,6.7,2020-08-25,Idea Factory,Compile Heart
501,The Coma 2: Vicious Sisters,Switch,74,7.4,2020-06-19,Headup Games,Devespresso Games
502,Dark Nights with Poe and Munro,PC,74,5.3,2020-05-19,D'Avekki Studios Limited,D'Avekki Studios Limited
503,Pathfinder: Kingmaker - Definitive Edition,PlayStation 4,74,4.9,2020-08-18,THQ Nordic,Owlcat Games
504,void tRrLM(); //Void Terrarium,Switch,74,7.2,2020-07-14,NIS America,Nippon Ichi Software
505,Alder's Blood,Switch,74,7.6,2020-03-13,Shockwork Games,Shockwork Games
506,Monster Energy Supercross - The Official Videogame 3,Xbox One,74,6,2020-02-04,Milestone S.r.l,Milestone S.r.l
507,Ring of Pain,PC,74,7.4,2020-10-15,Twice Different,Twice Different
508,Pendragon,PC,74,7.4,2020-09-22,inkle,inkle
509,Biped,PC,74,7.6,2020-03-26,NExT Studios,NExT Studios
510,RIDE 4,PlayStation 4,74,7.1,2020-10-05,Milestone S.r.l,Milestone S.r.l
511,Trackmania,PC,74,4.1,2020-07-01,Ubisoft,Ubisoft Nadeo
512,The Coma 2: Vicious Sisters,Xbox One,74,7.4,2020-09-04,Headup Games,Devespresso Games
513,One Line Coloring,Switch,74,7.4,2020-08-21,MythicOwl,MythicOwl
514,Resolutiion,Switch,74,7.4,2020-05-28,Deck 13,Monolith of Minds
515,Sam & Max Save the World Remastered,Switch,74,3.6,2020-12-02,Skunkape Games,Skunkape Games
516,Moving Out,PlayStation 4,74,8,2020-04-28,Team17,SMG Studio
517,Trials of Mana,Switch,74,7.7,2020-04-24,Square Enix,"Square Enix, GREZZO, Xeen"
518,Saints Row: The Third Remastered,PlayStation 4,74,6.4,2020-05-22,Deep Silver,Sperasoft
519,FIFA 21,PC,74,1.2,2020-10-09,Electronic Arts,Electronic Arts
520,Zombie Army 4: Dead War,PC,74,5.2,2020-02-04,Rebellion,Rebellion
521,Partisans 1941,PC,74,7.5,2020-10-14,Daedalic Entertainment,Alter Games
522,TT Isle of Man: Ride On The Edge 2,PlayStation 4,74,6.3,2020-03-19,Bigben Interactive,KT Racing
523,Fuser,PC,74,6.8,2020-11-09,NCSOFT,Harmonix Music Systems
524,Relicta,PC,74,6.9,2020-08-03,Ravenscourt,Mighty Polygon
525,Journey to the Savage Planet,PlayStation 4,74,7.1,2020-01-28,505 Games,Typhoon Studios
526,Oceanhorn 2: Knights of the Lost Realm,Switch,74,8.7,2020-10-28,Cornfox & Bros.,Cornfox & Bros.
527,Fort Triumph,PC,74,7.4,2020-04-16,Fort Triumph LTD,Fort Triumph LTD
528,HyperParasite,Xbox One,74,7.1,2020-04-03,HoundPicked Games,"Troglobytes Games, S.L."
529,One Step From Eden,Switch,74,8.5,2020-03-26,Thomas Moon Kang,Thomas Moon Kang
530,Coffee Talk,Switch,74,7.7,2020-01-29,Toge Productions,Toge Productions
531,Darwin Project,PC,74,6.8,2020-01-13,Scavengers Studio,Scavengers Studio
532,In Other Waters,PC,74,4.8,2020-04-03,Fellow Traveller,Jump Over The Age
533,HYPERCHARGE: Unboxed,Switch,74,8.1,2020-01-31,Digital Cybercherries,Digital Cybercherries
534,Darius Cozmic Collection: Arcade,PlayStation 4,74,3.3,2020-06-16,ININ Games,"Taito Corporation, M2"
535,Cloudpunk,PC,74,7.5,2020-04-23,ION LANDS,ION LANDS
536,Afterparty,Switch,74,7.1,2020-03-06,Night School Studio,Night School Studio
537,"Yes, Your Grace",Switch,74,6.6,2020-06-26,No More Robots,Brave at Night
538,Project Warlock,PlayStation 4,74,4.8,2020-06-09,Crunching Koalas,Buckshot Software
539,Tom Clancy's The Division 2: Warlords of New York,PlayStation 4,74,1.1,2020-03-03,Ubisoft,Massive Entertainment
540,The Outer Worlds: Peril on Gorgon,PC,74,6.6,2020-09-09,Private Division,Obsidian Entertainment
541,Double Kick Heroes,Switch,74,7.4,2020-08-13,Headbang Club,Headbang Club
542,Railway Empire: Switch Edition,Switch,74,6.9,2020-06-19,Kalypso,Kalypso
543,Dungeon Defenders: Awakened,PC,74,7.8,2020-05-28,Chromatic Games,Chromatic Games
544,Minecraft Dungeons,Xbox One,74,7.8,2020-05-26,Mojang AB,Mojang AB
545,Sega Ages: G-LOC Air Battle,Switch,74,7.4,2020-04-30,Sega,"M2, Sanritsu"
546,Control: AWE,PC,73,6.4,2020-08-27,Epic Games,Remedy Entertainment
547,Ikenfell,Switch,73,7,2020-10-08,Humble Bundle,Happy Ray Games
548,Orcs Must Die! 3,Stadia,73,7.1,2020-07-14,character(0),Robot Entertainment
549,KUNAI,Switch,73,8.1,2020-02-06,The Arcade Crew,TurtleBlaze
550,Pumpkin Jack,PC,73,7.3,2020-10-23,Headup Games,Nicolas Meyssonnier
551,Lightmatter,PC,73,7.8,2020-01-15,Aspyr,Tunnel Vision Games
552,Wildfire,Switch,73,7.3,2020-12-03,Humble Bundle,Sneaky Bastards
553,The Elder Scrolls Online: Greymoor,PC,73,4.8,2020-05-26,Bethesda Softworks,ZeniMax Media
554,THOTH,Switch,73,7.3,2020-01-09,Jeppe Carlsen,Jeppe Carlsen
555,The TakeOver,Switch,73,8,2020-06-04,DANGEN Entertainment,Pelikan13
556,Dragon Ball Z: Kakarot,PC,73,7.4,2020-01-17,Bandai Namco Games,CyberConnect2
557,Moero Crystal H,Switch,73,7.5,2020-09-17,EastAsiaSoft,Idea Factory
558,Destiny 2: Beyond Light,PC,73,4.4,2020-11-10,Bungie,Bungie
559,Dragon Ball Z: Kakarot,Xbox One,73,7.4,2020-01-17,Bandai Namco Games,CyberConnect2
560,Rocket Arena,PC,73,5,2020-07-14,Electronic Arts,Final Strike Games
561,The Dark Pictures - Little Hope,PC,73,6.8,2020-10-30,Bandai Namco Games,Supermassive Games
562,Watch Dogs: Legion,PC,73,5.7,2020-10-29,Ubisoft,Ubisoft
563,The Almost Gone,Switch,73,7.3,2020-06-25,Playdigious,Happy Volcano
564,Iron Danger,PC,73,7.8,2020-03-25,Action Squad Studios,Action Squad Studios
565,eFootball PES 2021,PlayStation 4,73,6,2020-09-15,Konami,Konami
566,Monster Prom: XXL,Switch,73,7.3,2020-05-21,Those Awesome Guys,Beautiful Glitch
567,SNK Gals' Fighters,Switch,73,8,2020-04-29,SNK,"SNK, Code Mystics Inc., SNK Corporation"
568,112 Operator,PC,73,7.6,2020-04-23,Games Operators,Jutsu Games
569,BPM: Bullets Per Minute,PC,73,8.2,2020-09-15,Awe Interactive,Awe Interactive
570,The Eternal Castle Remastered,Switch,73,7.3,2020-05-15,TFL Studios,TFL Studios
571,Marvel's Iron Man VR,PlayStation 4,73,6.2,2020-07-03,"Camouflaj, LLC","Camouflaj, LLC, Sony Interactive Entertainment"
572,Dragon Ball Z: Kakarot,PlayStation 4,73,7.9,2020-01-17,Bandai Namco Games,CyberConnect2
573,Bartlow's Dread Machine,Xbox One,73,7.3,2020-09-29,"Beep Games, Inc.","Beep Games, Inc."
574,Control: Ultimate Edition - Cloud Version,Switch,73,6.3,2020-10-28,505 Games,Remedy Entertainment
575,Pumpkin Jack,Switch,73,8.3,2020-10-23,Headup Games,Nicolas Meyssonnier
576,Arcade Spirits,PlayStation 4,73,7.3,2020-05-01,PQube,Fiction Factory Games
577,West of Dead,Xbox One,73,6.7,2020-06-18,Raw Fury,Upstream Arcade
578,FIFA 21 NXT LVL EDITION,PlayStation 5,73,2.3,2020-12-04,Electronic Arts,Electronic Arts
579,Sakura Wars,PlayStation 4,73,7.3,2020-04-28,Sega,Sega
580,Ghostrunner,Switch,73,9.3,2020-11-10,505 Games,ONE MORE LEVEL
581,Worm Jazz,Switch,73,7.3,2020-09-21,Inconspicuous Creations,Inconspicuous Creations
582,The Elder Scrolls Online: Greymoor,PlayStation 4,73,5.8,2020-06-09,Bethesda Softworks,ZeniMax Media
583,Jay and Silent Bob: Mall Brawl,Switch,73,7.6,2020-05-07,The Media Indie Exchange,Interabang Entertainment
584,Lydia,Switch,73,6.5,2020-01-17,Nakana.io,Platonic Partnership
585,Borderlands 3: Psycho Krieg and the Fantastic Fustercluck,PC,72,3.5,2020-09-10,2K Games,Gearbox Software
586,9 Monkeys of Shaolin,Xbox One,72,7.2,2020-10-16,Buka Entertainment,Sobaka
587,The Wonderful 101: Remastered,Switch,72,6.5,2020-05-19,PlatinumGames,PlatinumGames
588,NHL 21,PlayStation 4,72,2.4,2020-10-13,Electronic Arts,Electronic Arts
589,Bugsnax,PC,72,7.7,2020-11-12,"Young Horses, Inc","Young Horses, Inc"
590,No Straight Roads,PC,72,7.4,2020-08-25,Sold Out,Metronomik
591,Zombie Army 4: Dead War,PlayStation 4,72,6.8,2020-02-04,Rebellion,Rebellion
592,FIFA 21,PlayStation 4,72,0.8,2020-10-06,Electronic Arts,Electronic Arts
593,"Warhammer 40,000: Mechanicus",Switch,72,5.9,2020-07-17,Kalypso,Bulwark Studios
594,Infliction: Extended Cut,Xbox One,72,5.9,2020-02-25,Blowfish Studios,Caustic Reality
595,Mafia II: Definitive Edition,PC,72,5.2,2020-05-19,2K Games,Hangar 13
596,Kingdoms of Amalur: Re-Reckoning,Xbox One,72,6.7,2020-09-08,THQ Nordic,Kaiko
597,Kingdoms of Amalur: Re-Reckoning,PlayStation 4,72,6.9,2020-09-08,THQ Nordic,Kaiko
598,Beyond Blue,PC,72,6.7,2020-06-11,E-Line Media,E-Line Media
599,Rock of Ages 3: Make & Break,PC,72,6,2020-07-21,Modus Games,ACE Team
600,The Dungeon of Naheulbeuk: The Amulet of Chaos,PC,72,7.8,2020-09-17,Dear Villagers,Artefacts Studio
601,PGA Tour 2K21,Switch,72,4.4,2020-08-21,2K Games,HB Studios Multimedia
602,Spellbreak,PlayStation 4,72,7.6,2020-09-03,"Proletariat, Inc.","Proletariat, Inc."
603,"Borderlands 3: Guns, Love, and Tentacles",PC,72,6,2020-03-26,2K Games,Gearbox Software
604,Before We Leave,PC,72,7,2020-05-08,Balancing Monkey Games,Balancing Monkey Games
605,Double Kick Heroes,Xbox One,72,7.2,2020-08-28,Plug In Digital,Headbang Club
606,Oddworld: Stranger's Wrath HD,Switch,72,7.6,2020-01-23,Oddworld Inhabitants,"Just Add Water, Square One Games"
607,Haven,PC,72,7.2,2020-12-03,The Game Bakers,The Game Bakers
608,Phoenotopia: Awakening,Switch,72,8.3,2020-08-20,Cape Cosmic,Cape Cosmic
609,Dex,Switch,72,8.2,2020-07-24,QubicGames,QubicGames
610,Onee Chanbara ORIGIN,PlayStation 4,72,7.2,2020-10-14,D3Publisher,Tamsoft
611,Tannenberg,Xbox One,72,6.3,2020-07-24,Blackmill Games,M2H
612,Battletoads,Xbox One,72,6.5,2020-08-20,Rare Ltd.,"Rare Ltd., Dlala Studios"
613,RollerCoaster Tycoon 3: Complete Edition,Switch,72,7.8,2020-09-24,Frontier Foundry,Frontier Developments
614,Minecraft Dungeons,Switch,72,7.1,2020-05-26,Mojang AB,Mojang AB
615,Daemon X Machina,PC,72,7,2020-02-13,XSEED Games,Marvelous First Studio
616,SpongeBob SquarePants: Battle for Bikini Bottom - Rehydrated,Xbox One,71,8.8,2020-06-23,THQ Nordic,Purple Lamp Studios
617,Worms Rumble,PlayStation 5,71,7.4,2020-12-01,Team17,Team17
618,Super Meat Boy Forever,Switch,71,4.8,2020-12-23,Team Meat,Team Meat
619,Saints Row IV: Re-Elected,Switch,71,7.2,2020-03-27,Deep Silver,Volition Inc.
620,Hotshot Racing,PC,71,7.7,2020-09-10,Sumo Digital,Lucky Mountain Games
621,Yu-Gi-Oh! Legacy of the Duelist: Link Evolution,PlayStation 4,71,5.8,2020-03-24,Konami,Konami
622,Maneater,Xbox One,71,6.9,2020-05-22,Deep Silver,"Tripwire Interactive, Blindside Interactive"
623,HyperParasite,Switch,71,7.9,2020-04-03,HoundPicked Games,"Troglobytes Games, S.L."
624,Nioh 2: The First Samurai,PlayStation 4,71,7,2020-12-17,Koei Tecmo Games,Team Ninja
625,9 Monkeys of Shaolin,PlayStation 4,71,5.8,2020-10-16,Buka Entertainment,Sobaka
626,Fight Crab,Switch,71,7.7,2020-09-15,Mastiff,Calappa Games
627,Nickelodeon Kart Racers 2: Grand Prix,Switch,71,8.3,2020-10-06,GameMill Publishing,"Bamtang, GameMill Entertainment"
628,Beyond Blue,Xbox One,71,6.3,2020-06-11,E-Line Media,E-Line Media
629,Sludge Life,PC,71,6.8,2020-04-08,Devolver Digital,Terri Vellmann & Doseone
630,Fairy Tail,PlayStation 4,71,5.7,2020-07-31,Koei Tecmo Games,Gust
631,Morbid: The Seven Acolytes,PC,71,7.1,2020-12-03,Merge Games,Still Running
632,Minoria,Switch,71,7.1,2020-09-10,DANGEN Entertainment,Bombservice
633,Willy Morgan and the Curse of Bone Town,PC,71,6.2,2020-08-11,imaginarylab,imaginarylab
634,Project Warlock,Switch,71,7.1,2020-06-11,Crunching Koalas,Buckshot Software
635,The Dark Pictures - Little Hope,PlayStation 4,71,6.6,2020-10-30,Bandai Namco Games,Supermassive Games
636,Nexomon: Extinction,Switch,71,8.5,2020-08-28,PQube,VEWO Interactive Inc.
637,King of Fighters R-2,Switch,71,7.1,2020-08-07,SNK Corporation,"Code Mystics Inc., SNK Corporation"
638,Call of Duty: Modern Warfare 2 Campaign Remastered,PlayStation 4,71,7.2,2020-03-31,Activision,Infinity Ward
639,Assetto Corsa Competizione,PlayStation 4,71,5.5,2020-06-23,505 Games,505 Games
640,Spellbreak,Switch,71,7.9,2020-09-03,"Proletariat, Inc.","Proletariat, Inc."
641,Relicta,PlayStation 4,71,5.9,2020-08-03,Ravenscourt,Mighty Polygon
642,Destroy All Humans!,PC,71,8,2020-07-28,THQ Nordic,Black Forest Games
643,Shantae and the Seven Sirens,PlayStation 4,71,5.3,2020-05-28,WayForward,WayForward
644,Captain Tsubasa: Rise of New Champions,Switch,71,7.6,2020-08-28,Bandai Namco Games,"Tamsoft, Bandai Namco Games"
645,Rocket Arena,Xbox One,71,7.6,2020-07-14,Electronic Arts,Final Strike Games
646,Through the Darkest of Times,PC,71,6.7,2020-01-30,HandyGames,Paintbucket Games
647,The Inner Friend,Xbox One,71,7.1,2020-04-28,Playmind,Playmind
648,3000th Duel,Switch,71,8.3,2020-02-19,NEOPOPCORN Corp,NEOPOPCORN Corp
649,Pacer,PC,70,5.3,2020-10-29,R8 Games,R8 Games
650,The Falconeer,PC,70,5.8,2020-11-10,Wired Productions,Tomas Sala
651,Re:Turn - One Way Trip,PC,70,6.9,2020-10-14,Green Man Gaming Publishing,Red Ego Games
652,Maneater,PC,70,6.6,2020-05-22,Tripwire Interactive,Tripwire Interactive
653,Just Dance 2021,Switch,70,7.4,2020-11-12,Ubisoft,Ubisoft
654,Ion Fury,Xbox One,70,6.7,2020-05-14,1C Entertainment,"3D Realms, Voidpoint, LLC"
655,No Straight Roads,Switch,70,4.8,2020-08-25,Sold Out,Metronomik
656,9 Monkeys of Shaolin,PC,70,7.5,2020-10-16,Buka Entertainment,Sobaka
657,Taiko no Tatsujin: Rhythmic Adventure Pack,Switch,70,5.3,2020-12-03,Bandai Namco Games,Bandai Namco Games
658,Absolute Drift,Switch,70,7,2020-12-03,Funselektor Labs Inc.,Funselektor Labs Inc.
659,Kingdoms of Amalur: Re-Reckoning,PC,70,6.4,2020-09-08,THQ Nordic,Kaiko
660,Zombie Army Trilogy,Switch,70,6.7,2020-03-31,Sold Out,Rebellion
661,Minecraft Dungeons,PC,70,6.5,2020-05-26,Mojang AB,Mojang AB
662,Saints Row: The Third Remastered,PC,70,6.9,2020-05-22,Deep Silver,Sperasoft
663,Immortal Realms: Vampire Wars,PC,70,5.6,2020-08-28,Kalypso,Palindrome Interactive
664,Beyond A Steel Sky,PC,70,7.1,2020-07-16,Revolution Software,Revolution Software
665,Collection of SaGa: Final Fantasy Legend,Switch,70,7,2020-12-15,Square Enix,Square Enix
666,The Sims 4: Star Wars - Journey to Batuu,PC,70,1,2020-09-08,Electronic Arts,Maxis
667,Radical Rabbit Stew,PlayStation 4,70,6.8,2020-07-16,Sold Out,Pugstorm
668,Namco Museum Archives Vol. 1,Switch,70,7,2020-06-18,Bandai Namco Games,B.B.Studio
669,TT Isle of Man: Ride On The Edge 2,PC,70,7.6,2020-03-19,Bigben Interactive,KT Racing
670,Surgeon Simulator 2,PC,70,6.6,2020-08-27,Bossa Studios,Bossa Studios
671,Darkestville Castle,Switch,70,7,2020-08-13,Buka Entertainment,Epic llama warchief
672,Banner of the Maid,Switch,70,8,2020-08-12,CE-Asia,"CE-Asia, Azure Flame Studio"
673,Project CARS 3,PlayStation 4,70,3.6,2020-08-25,Bandai Namco Games,Slightly Mad Studios
674,Destroy All Humans!,PlayStation 4,70,7.9,2020-07-28,THQ Nordic,Black Forest Games
675,Warriors Orochi 4 Ultimate,PlayStation 4,70,5.3,2020-02-14,Koei Tecmo Games,Omega Force
676,Outbuddies DX,Switch,70,7.5,2020-06-05,Headup Games,Julian Laufer
677,140,Switch,70,7,2020-01-09,Jeppe Carlsen,Jeppe Carlsen
678,Star Wars Episode I: Racer,Switch,70,7.2,2020-06-23,Aspyr,LucasArts
679,Biped,PlayStation 4,70,7.8,2020-04-08,NExT Studios,NExT Studios
680,Watch Dogs: Legion,PlayStation 4,70,5.4,2020-10-29,Ubisoft,Ubisoft
681,Coffee Talk,PlayStation 4,70,5.7,2020-01-30,Toge Productions,Toge Productions
682,The Solitaire Conspiracy,PC,70,7,2020-10-06,Mike Bithell,Mike Bithell
683,Chronos: Before the Ashes,Xbox One,70,7,2020-12-01,Gunfire Games,Gunfire Games
684,The Outer Worlds: Peril on Gorgon,PlayStation 4,70,6.4,2020-09-09,Obsidian Entertainment,Obsidian Entertainment
685,Samurai Jack: Battle Through Time,Switch,70,8.1,2020-08-21,Adult Swim,Soleil
686,Evergate,Switch,70,7.7,2020-08-18,PQube,Stone Lantern Games
687,The Survivalists,Switch,70,7,2020-10-09,Team17,Team17
688,Crysis Remastered,PC,70,3.6,2020-09-18,Crytek,Saber Interactive
689,As Far As The Eye,PC,70,7,2020-09-10,Unexpected,Unexpected
690,Monster Energy Supercross - The Official Videogame 3,PlayStation 4,70,6,2020-02-04,Milestone S.r.l,Milestone S.r.l
691,No Straight Roads,PlayStation 4,70,6.7,2020-08-25,Sold Out,Metronomik
692,Haven,PlayStation 5,70,6.9,2020-12-03,The Game Bakers,The Game Bakers
693,Half Past Fate,Switch,69,6.9,2020-03-12,Way Down Deep,Serenity Forge
694,Madden NFL 21,Xbox One,69,0.4,2020-08-25,Electronic Arts,EA Sports
695,West of Dead,PC,69,6,2020-06-18,Raw Fury,Upstream Arcade
696,Project CARS 3,Xbox One,69,3.5,2020-08-03,Bandai Namco Games,Slightly Mad Studios
697,Ikenfell,PC,69,7.1,2020-10-08,Humble Bundle,Happy Ray Games
698,Warsaw,Switch,69,6.9,2020-10-01,Crunching Koalas,Pixelated Milk
699,Golf With Your Friends,Switch,69,4.5,2020-05-19,Team17,Blacklight Interactive
700,One Piece: Pirate Warriors 4,Switch,69,6.8,2020-03-27,Bandai Namco Games,Omega Force
701,Fallout 76: Wastelanders,PC,69,6.2,2020-04-16,Bethesda Softworks,Bethesda Game Studios
702,SpongeBob SquarePants: Battle for Bikini Bottom - Rehydrated,PC,69,8.8,2020-06-23,THQ Nordic,Purple Lamp Studios
703,Nickelodeon Kart Racers 2: Grand Prix,Xbox One,69,7.3,2020-10-06,GameMill Publishing,"Bamtang, GameMill Entertainment"
704,Darkestville Castle,PlayStation 4,69,6.9,2020-08-13,Buka Entertainment,Epic llama warchief
705,Pokemon Sword / Shield: The Isle of Armor,Switch,69,5.3,2020-06-17,Nintendo,Game Freak
706,Twin Breaker: A Sacred Symbols Adventure,PlayStation 4,69,7.3,2020-03-24,Lillymo,Lillymo
707,Captain Tsubasa: Rise of New Champions,PlayStation 4,69,7.3,2020-08-28,Bandai Namco Games,"Tamsoft, Bandai Namco Games"
708,Witcheye,Switch,69,6.9,2020-08-27,Devolver Digital,Moon Kid
709,AO Tennis 2,Xbox One,69,6.9,2020-02-11,Bigben Interactive,Big Ant Studios
710,Prinny 1-2: Exploded and Reloaded,Switch,69,6.9,2020-10-13,NIS America,Nippon Ichi Software
711,Monster Truck Championship,PlayStation 4,69,6.9,2020-10-20,Bigben Interactive,Teyon
712,The Survivalists,PC,69,5.2,2020-10-09,Team17,Team17
713,Metamorphosis,PC,69,8.2,2020-08-12,Ovid Works,Ovid Works
714,Edna & Harvey: The Breakout - 10th Anniversary Edition,PlayStation 4,69,6.9,2020-06-17,Daedalic Entertainment,Daedalic Entertainment
715,Exit the Gungeon,Switch,69,7,2020-03-17,Devolver Digital,Dodge Roll
716,Raji: An Ancient Epic,Switch,69,7.8,2020-08-18,SUPER.COM,Nodding Heads Games
717,9 Monkeys of Shaolin,Switch,69,6.9,2020-10-16,Buka Entertainment,Sobaka
718,Spinch,Switch,69,8,2020-09-03,Akupara Games,Queen Bee Games
719,Psikyo Shooting Stars Alpha,Switch,69,6.4,2020-01-21,NIS America,Psikyo
720,AO Tennis 2,PlayStation 4,69,6.8,2020-02-11,Bigben Interactive,Big Ant Studios
721,SIMULACRA 2,PC,69,8.2,2020-01-30,Another Indie,"Kaigan Games OU, Kaigan Games"
722,Tropico 6,Switch,69,6.9,2020-11-06,Kalypso,Limbic Entertainment
723,NASCAR Heat 5,Xbox One,69,6.9,2020-07-07,Motorsport Games,704Games
724,Evan's Remains,Switch,69,8.4,2020-06-11,Whitethorn Digital,Matias Schmied
725,Fairy Tail,Switch,69,6.6,2020-07-31,Koei Tecmo Games,Gust
726,Maid of Sker,PC,69,7,2020-07-28,Wales Interactive Ltd.,Wales Interactive Ltd.
727,Romance of the Three Kingdoms XIV,PlayStation 4,69,6.5,2020-02-28,Koei Tecmo Games,Koei Tecmo Games
728,SpongeBob SquarePants: Battle for Bikini Bottom - Rehydrated,PlayStation 4,68,9,2020-06-23,THQ Nordic,Purple Lamp Studios
729,Maneater,PlayStation 4,68,7.3,2020-05-22,Deep Silver,"Tripwire Interactive, Blindside Interactive"
730,Hellpoint,Xbox One,68,5.3,2020-07-30,tinyBuild,Cradle Games
731,Ninjala,Switch,68,6.6,2020-06-24,"GungHo Online Entertainment America, Inc.","GungHo Online Entertainment America, Inc."
732,Torchlight III,Xbox One,68,4.1,2020-10-13,Perfect World Entertainment,"Echtra Games, Inc."
733,Pokemon Mystery Dungeon: Rescue Team DX,Switch,68,8.2,2020-03-06,Nintendo,Spike Chunsoft
734,NBA 2K21,PlayStation 4,68,0.7,2020-09-04,2K Games,Visual Concepts
735,Hyper Scape,PC,68,4.3,2020-08-11,Ubisoft,Ubisoft Montreal
736,Stela,PC,68,5.8,2020-03-13,SkyBox Labs,SkyBox Labs
737,The Shattering,PC,68,7.1,2020-04-21,Deck 13,SuperSexySoftware
738,Medal of Honor: Above and Beyond,PC,68,6.6,2020-12-10,Electronic Arts,Respawn Entertainment
739,Destroy All Humans!,Xbox One,68,8.1,2020-07-28,THQ Nordic,Black Forest Games
740,My Hero One's Justice 2,PlayStation 4,68,4.6,2020-03-13,Bandai Namco Games,Bandai Namco Games
741,Mini Motor Racing X,Switch,68,6.8,2020-09-17,The Binary Mill,The Binary Mill
742,Kill It With Fire,PC,68,6.8,2020-08-13,Casey Donnellan Games LLC,Casey Donnellan Games LLC
743,Chronos: Before the Ashes,PC,68,6.9,2020-12-01,Gunfire Games,Gunfire Games
744,Curious Expedition,Switch,68,6.8,2020-04-02,Thunderful,Maschinen-Mensch
745,GORN,PlayStation 4,68,5,2020-05-19,Devolver Digital,Free Lives
746,Serious Sam 4,PC,68,7.1,2020-09-24,Devolver Digital,Croteam
747,Foregone,Switch,68,7.2,2020-10-13,Big Blue Bubble Inc.,Big Blue Bubble Inc.
748,Star Wars Jedi Knight: Jedi Academy,Switch,68,5.1,2020-03-26,Aspyr,Aspyr
749,Snack World: The Dungeon Crawl Gold,Switch,68,7.5,2020-02-14,Level 5,Level 5
750,Marvel's Avengers,PC,68,3,2020-09-04,Square Enix,"Crystal Dynamics, Eidos Montreal"
751,Golf With Your Friends,Xbox One,68,4.9,2020-05-19,Team17,Blacklight Interactive
752,The Blind Prophet,PC,68,7.2,2020-02-05,ARS GOETIA,ARS GOETIA
753,The Signifier,PC,68,7.1,2020-10-15,Raw Fury,Playmestudio
754,Doraemon: Story of Seasons,PlayStation 4,68,6.8,2020-09-04,Bandai Namco Games,Brownies
755,Darius Cozmic Collection: Console,PlayStation 4,68,6.8,2020-06-16,ININ Games,M2
756,Rocket Arena,PlayStation 4,68,4.5,2020-07-14,Electronic Arts,Final Strike Games
757,The Last Blade: Beyond the Destiny,Switch,68,6.8,2020-10-28,SNK Corporation,"Code Mystics Inc., SNK Corporation"
758,Red Wings: Aces of the Sky,Switch,68,7.3,2020-05-21,All in! Games,All in! Games
759,Othercide,Xbox One,68,6.1,2020-07-28,Focus Home Interactive,Lightbulb Crew
760,Daymare: 1998,Xbox One,68,7.3,2020-04-28,Invader Studios,Invader Studios
761,Project CARS 3,PC,68,3.1,2020-08-28,Bandai Namco Games,Slightly Mad Studios
762,Exit the Gungeon,PC,68,7.3,2020-03-17,Devolver Digital,Dodge Roll
763,Fledgling Heroes,Switch,68,6.8,2020-05-07,Subtle Boom,Subtle Boom
764,TERROR SQUID,Switch,68,6.8,2020-10-15,Apt Games,Apt Games
765,Warhammer: Chaosbane,PlayStation 5,68,6.8,2020-11-12,Bigben Interactive,Games Workshop
766,Port Royale 4,PC,68,5.4,2020-09-25,Kalypso,Gaming Minds Studios
767,Ageless,Switch,68,6.8,2020-07-28,Team17,One More Dream Studios
768,The Complex,Xbox One,68,6.8,2020-03-31,Wales Interactive Ltd.,Wales Interactive Ltd.
769,Speaking Simulator,Switch,68,6.8,2020-01-30,Affable Games,Affable Games
770,Milky Way Prince: The Vampire Star,PC,67,6.7,2020-08-13,Santa Ragione,Lorenzo Redaelli
771,Namco Museum Archives Vol. 2,Switch,67,6.7,2020-06-18,Bandai Namco Games,B.B.Studio
772,Katana Kami: A Way of the Samurai Story,PlayStation 4,67,7.1,2020-02-20,Spike Chunsoft,Acquire
773,The Almost Gone,PC,67,6.7,2020-06-25,Playdigious,Happy Volcano
774,Port Royale 4,PlayStation 4,67,6.7,2020-09-25,Kalypso,Gaming Minds Studios
775,Marvel's Avengers,PlayStation 4,67,5,2020-09-01,Square Enix,"Crystal Dynamics, Eidos Montreal"
776,Marvel's Avengers,Xbox One,67,3.7,2020-09-01,Square Enix,"Crystal Dynamics, Eidos Montreal"
777,Chronos: Before the Ashes,PlayStation 4,67,5.1,2020-12-01,Gunfire Games,Gunfire Games
778,"Warhammer 40,000: Mechanicus",PlayStation 4,67,6.5,2020-07-17,Kalypso,Bulwark Studios
779,Hotel Sowls,Switch,67,6.7,2020-07-30,Cyberfront Korea Corp,Studio Sott
780,Giraffe and Annika,PC,67,6.3,2020-02-17,Unties,Atelier Mimina
781,NBA 2K21,Xbox One,67,1.8,2020-09-04,2K Games,Visual Concepts
782,Ministry of Broadcast,PC,67,7.5,2020-01-30,Hitcents,"Homeless Unicorn, Ministry of Broadcast Studios"
783,The Dark Pictures - Little Hope,Xbox One,67,7,2020-10-30,Bandai Namco Games,Supermassive Games
784,Help Will Come Tomorrow,PC,67,7.1,2020-04-21,Klabater,Arclight Creations
785,Psikyo Shooting Stars Bravo,Switch,67,6.7,2020-02-18,NIS America,Psikyo
786,Samurai Jack: Battle Through Time,PlayStation 4,67,7.7,2020-08-21,Adult Swim,Soleil
787,Disintegration,Xbox One,67,6.2,2020-06-16,Private Division,V1 Interactive
788,The Dark Crystal: Age of Resistance Tactics,PC,67,6.1,2020-02-04,En Masse Entertainment,BonusXP
789,Twin Mirror,PC,67,5.6,2020-12-01,Bandai Namco Games,DONTNOD Entertainment
790,Pac-Man: Mega Tunnel Battle,Stadia,67,6.7,2020-11-17,Bandai Namco Games,Bandai Namco Games
791,Aquanox Deep Descent,PC,66,7.6,2020-10-16,Nordic Games Publishing,Digital Arrow
792,Vader Immortal: A Star Wars VR Series,PlayStation 4,66,5.3,2020-08-25,Disney Interactive Studios,ILMxLab
793,Potata: Fairy Flower,Switch,66,7.6,2020-06-06,Potata Company,OverGamez
794,EQQO,Switch,66,5.7,2020-02-07,Nakana.io,Parallel Studio
795,SpongeBob SquarePants: Battle for Bikini Bottom - Rehydrated,Switch,66,8.6,2020-06-23,THQ Nordic,Purple Lamp Studios
796,Peaky Blinders: Mastermind,Switch,66,6.6,2020-08-20,Curve Digital,FuturLab
797,Crysis Remastered,Switch,66,8.1,2020-07-23,Crytek,Saber Interactive
798,Darius Cozmic Collection: Console,Switch,66,6.6,2020-06-16,ININ Games,"M2, ININ Games"
799,Battletoads,PC,66,5.1,2020-08-20,Rare Ltd.,"Rare Ltd., Dlala Studios"
800,Fitness Boxing 2: Rhythm & Exercise,Switch,66,6.1,2020-12-04,Nintendo,"Nintendo, Imagineer Co.,Ltd."
801,Fairy Tail,PC,66,5.2,2020-07-15,Koei Tecmo Games,Gust
802,Night Call,Switch,66,6.6,2020-06-24,Raw Fury,BlackMuffin Studio
803,Kingdom Hearts III - Re Mind,PlayStation 4,66,6.1,2020-01-23,Square Enix,Square Enix
804,Close to the Sun,PC,66,5.1,2020-05-05,Wired Productions,Storm in a Teacup
805,Skully,Xbox One,66,6.6,2020-08-04,Modus Games,Finish Line Games
806,Mafia II: Definitive Edition,Xbox One,66,6.2,2020-05-19,2K Games,Hangar 13
807,Wallachia: Reign of Dracula,Switch,66,6.6,2020-10-29,Pixelheart,Migami Games
808,Dustoff Z,Xbox One,66,6.6,2020-10-15,Zordix,Invictus
809,Bleeding Edge,Xbox One,66,6.2,2020-03-24,Microsoft,Ninja Theory
810,Someday You'll Return,PC,66,8.1,2020-05-05,CBE software,CBE software
811,The Outer Worlds,Switch,66,5.2,2020-06-05,Private Division,Obsidian Entertainment
812,Company of Crime,PC,66,6.6,2020-08-07,1C Entertainment,Resistance Games
813,Monster Truck Championship,Xbox One,66,6.6,2020-10-20,Maximum Games,Teyon
814,Warborn,Switch,66,6.6,2020-06-12,PQube,Raredrop Games Ltd
815,Ash of Gods: Redemption,PlayStation 4,65,7.4,2020-01-31,Buka Entertainment,AurumDust
816,Kirby Fighters 2,Switch,65,7.9,2020-09-23,Nintendo,"Nintendo, HAL Labs"
817,My Hero One's Justice 2,Xbox One,65,5,2020-03-13,Bandai Namco Games,Bandai Namco Games
818,Windbound,Xbox One,65,6.2,2020-08-28,Deep Silver,5 Lives Studios
819,Transient,PC,65,6.2,2020-10-28,Iceberg Interactive,Stormling Studios
820,Ever Forward,PC,65,7.3,2020-08-13,Pathea Games,Pathea Games
821,Ultracore,Switch,65,6.5,2020-06-23,ININ Games,Strictly Limited Games
822,My Hero One's Justice 2,Switch,65,6.4,2020-03-13,Bandai Namco Games,Bandai Namco Games
823,Might & Magic: Chess Royale,PC,65,3.4,2020-01-30,Ubisoft,Ubisoft
824,SELF,Switch,65,6.5,2020-01-16,indienova,doBell
825,AO Tennis 2,PC,65,7.8,2020-01-09,Bigben Interactive,Big Ant Studios
826,Cobra Kai: The Karate Kid Saga Continues,PlayStation 4,65,5.8,2020-10-27,GameMill Entertainment,"GameMill Entertainment, Flux Game Studio"
827,Night Call,Xbox One,65,5.3,2020-06-24,Raw Fury,BlackMuffin Studio
828,Torchlight III,PC,65,3.1,2020-10-13,Perfect World Entertainment,"Echtra Games, Inc."
829,198X,Switch,65,7,2020-01-23,8-4,Hi-Bit Studios
830,Skelattack,PlayStation 4,65,6.5,2020-06-02,Konami,Ukuza
831,Struggling,PC,65,6.3,2020-08-27,Chasing Rats Games,Chasing Rats Games
832,Dead or School,Switch,65,7.1,2020-03-13,Marvelous AQL,Studio Nanafushi
833,The Falconeer,Xbox Series X,64,5.2,2020-11-10,Wired Productions,Tomas Sala
834,AO Tennis 2,Switch,64,7,2020-02-11,Bigben Interactive,Big Ant Studios
835,Cloudpunk,PlayStation 4,64,6.8,2020-10-15,Merge Games,ION LANDS
836,Rock of Ages 3: Make & Break,PlayStation 4,64,6.3,2020-07-21,Modus Games,ACE Team
837,Foregone,PlayStation 4,64,6.4,2020-10-05,Big Blue Bubble Inc.,Big Blue Bubble Inc.
838,Pokemon Cafe Mix,Switch,64,7.7,2020-06-23,Nintendo,The Pokemon Company
839,Treachery in Beatdown City,PC,64,6.4,2020-03-30,Nuchallenger,Nuchallenger
840,Empire of Sin,PC,64,3.8,2020-12-01,Paradox Interactive,Romero Games Ltd.
841,Orwell's Animal Farm,PC,64,6.4,2020-12-10,The Dairymen,Nerial
842,Windbound,PlayStation 4,64,5.1,2020-08-28,5 Lives Studios,5 Lives Studios
843,The Red Lantern,Switch,64,5.2,2020-10-22,Timberline Studio,Timberline Studio
844,Bite the Bullet,Xbox One,64,6.4,2020-08-14,Graffiti Games,Mega Cat Studios
845,Maid of Sker,PlayStation 4,64,6.1,2020-07-28,Wales Interactive Ltd.,Wales Interactive Ltd.
846,Dr. Kawashima's Brain Training for Nintendo Switch,Switch,64,5.9,2020-01-03,Nintendo,Nintendo
847,Urban Trial Tricky,Switch,64,7.8,2020-06-25,Tate Multimedia,Tate Multimedia
848,Corruption 2029,PC,64,6,2020-02-17,The Bearded Ladies Consulting,The Bearded Ladies Consulting
849,Spirit of the North: Enhanced Edition,PlayStation 5,64,6.4,2020-11-26,Merge Games,Infuse Studio
850,Rock of Ages 3: Make & Break,Switch,64,6.4,2020-07-21,Modus Games,ACE Team
851,Infliction: Extended Cut,PlayStation 4,64,5.8,2020-02-25,Blowfish Studios,Caustic Reality
852,Resident Evil: Resistance,PlayStation 4,64,3.8,2020-04-03,Capcom,"Capcom, NeoBards Entertainment"
853,Peaky Blinders: Mastermind,PlayStation 4,64,4.4,2020-08-20,Curve Digital,FuturLab
854,Moons of Madness,Xbox One,64,6.4,2020-03-24,Funcom,"Rock Pocket Games, Dreamloop Games"
855,Onee Chanbara ORIGIN,PC,64,6.4,2020-10-14,D3Publisher,Tamsoft
856,Hellpoint,PC,64,6.3,2020-07-30,tinyBuild,Cradle Games
857,Georifters,Switch,64,6.4,2020-09-18,Another Indie,Busy Toaster
858,Vampire: The Masquerade - Shadows of New York,PC,64,6.2,2020-09-10,Draw Distance,Draw Distance
859,Summer in Mara,PC,63,8.2,2020-06-16,Chibig,Chibig
860,Fallout 76: Wastelanders,PlayStation 4,63,6.3,2020-04-14,Bethesda Softworks,Bethesda Game Studios
861,Moons of Madness,PlayStation 4,63,4.6,2020-03-24,Funcom,"Rock Pocket Games, Dreamloop Games"
862,Panzer Dragoon,Switch,63,7.5,2020-03-26,Sega,"Forever Entertainment, MegaPixel Studio"
863,The Suicide of Rachel Foster,PC,63,7.2,2020-02-19,Daedalic Entertainment,"101%, ONEOONE GAMES"
864,Skully,PlayStation 4,63,6.3,2020-08-04,Modus Games,Finish Line Games
865,TT Isle of Man: Ride On The Edge 2,Switch,63,6.5,2020-05-14,Bigben Interactive,KT Racing
866,What Happened,PC,63,7.2,2020-07-30,KATNAPPE SP. Z O. O.,Genius Slackers
867,Maid of Sker,Xbox One,63,7.1,2020-07-28,Wales Interactive Ltd.,Wales Interactive Ltd.
868,The Flower Collectors,PC,63,6,2020-04-21,Mi'pu'mi Games,Mi'pu'mi Games
869,Cat Girl Without Salad: Amuse-Bouche,Switch,63,6.3,2020-04-01,WayForward,WayForward
870,Windbound,Switch,63,7.3,2020-08-28,Deep Silver,5 Lives Studios
871,Torchlight III,Switch,63,8.1,2020-10-22,Perfect World Entertainment,"Echtra Games, Inc."
872,Mosaic,Switch,63,6.3,2020-01-23,Raw Fury,Krillbite Studio
873,NASCAR Heat 5,PlayStation 4,63,3.8,2020-07-07,704Games,704Games
874,Save Koch,Switch,63,6.6,2020-03-06,OverGamez,Wooden Monkeys
875,Stela,Switch,63,5.8,2020-03-13,SkyBox Labs,SkyBox Labs
876,Madden NFL 21,PlayStation 4,63,0.2,2020-08-25,Electronic Arts,EA Sports
877,OVERPASS,Xbox One,63,5.5,2020-03-17,Bigben Interactive,Zordix Racing
878,Hunting Simulator 2,Xbox One,63,5.3,2020-06-30,Maximum Games,Maximum Games
879,Fire Emblem: Shadow Dragon & the Blade of Light,Switch,63,7.7,2020-12-04,Nintendo,Intelligent Systems
880,Bookbound Brigade,PC,63,6.3,2020-01-30,IntraGames,Digital Tales
881,Bookbound Brigade,Switch,62,6.2,2020-01-30,IntraGames,Digital Tales
882,Hyper Scape,PlayStation 4,62,5.4,2020-08-11,Ubisoft,Ubisoft Montreal
883,OVERPASS,PC,62,5.4,2020-02-27,Bigben Interactive,Zordix Racing
884,Lost Ember,Switch,62,6.2,2020-09-24,Mooneye Studios,Mooneye Studios
885,The Falconeer,Xbox One,62,4.6,2020-11-10,Wired Productions,Tomas Sala
886,Disintegration,PC,62,6,2020-06-15,Private Division,V1 Interactive
887,Wavey The Rocket,PC,62,6.2,2020-05-07,UpperRoom Games Ltd,UpperRoom Games Ltd
888,Namco Museum Archives Vol. 1,PlayStation 4,62,6.2,2020-06-18,Bandai Namco Games,B.B.Studio
889,Bleeding Edge,PC,62,5.3,2020-03-24,Xbox Game Studios,Ninja Theory
890,Space Crew,Switch,62,6.2,2020-10-15,Curve Digital,Runner Duck
891,Torchlight III,PlayStation 4,62,3.2,2020-10-13,Perfect World Entertainment,"Echtra Games, Inc."
892,Predator: Hunting Grounds,PC,62,5.2,2020-04-24,Sony Interactive Entertainment,IllFonic
893,The Complex,PC,62,7.4,2020-03-31,Wales Interactive Ltd.,Wales Interactive Ltd.
894,Drawn to Life: Two Realms,PC,61,6.1,2020-12-07,505 Games,Digital Continue
895,Tannenberg,PlayStation 4,61,6.1,2020-07-24,Blackmill Games,M2H
896,Godfall,PlayStation 5,61,4.9,2020-11-12,Gearbox Publishing,Counterplay Games
897,Skully,Switch,61,7.5,2020-08-04,Modus Games,Finish Line Games
898,Hellbound,PC,61,6.4,2020-08-04,Saibot Studios,Saibot Studios
899,Seven Knights -Time Wanderer-,Switch,61,6.1,2020-11-05,Netmarble Games Corp.,Netmarble Games Corp.
900,Twin Mirror,Xbox One,61,4.6,2020-12-01,Bandai Namco Games,DONTNOD Entertainment
901,Wizardry: Labyrinth of Lost Souls,PC,61,6.1,2020-01-15,XSEED Games,Acquire
902,Infini,Switch,61,8.2,2020-07-03,Nakana.io,Barnaque
903,The Walking Dead Onslaught,PlayStation 4,61,6.8,2020-09-29,Survios,Survios
904,Giraffe and Annika,Switch,61,6.1,2020-08-25,NIS America,Atelier Mimina
905,Tour de France 2020,PlayStation 4,61,4.6,2020-06-04,Nacon,Cyanide
906,Godfall,PC,61,3.8,2020-11-19,Gearbox Publishing,Counterplay Games
907,Skully,PC,61,6.1,2020-08-04,Modus Games,Finish Line Games
908,Cyberpunk 2077,Xbox One,61,4.8,2020-12-10,Microsoft Game Studios,"CD Projekt Red Studio, CD Projekt"
909,Zoids Wild: Blast Unleashed,Switch,61,6.1,2020-10-16,Outright Games,Takara Tomy
910,Cobra Kai: The Karate Kid Saga Continues,Xbox One,60,5.8,2020-10-27,GameMill Entertainment,"GameMill Entertainment, Flux Game Studio"
911,WWE 2K Battlegrounds,PlayStation 4,60,5.6,2020-09-18,2K Games,Saber Interactive
912,Final Fantasy Crystal Chronicles: Remastered Edition,Switch,60,4.2,2020-08-27,Square Enix,Square Enix
913,Fight Crab,PC,60,7.3,2020-07-29,Playism,"Nussoft, Calappa Games"
914,The Complex,PlayStation 4,60,5.6,2020-03-31,Wales Interactive Ltd.,Wales Interactive Ltd.
915,Conglomerate 451,PC,60,5.2,2020-02-21,1C Entertainment,RuneHeads
916,Twin Mirror,PlayStation 4,60,4.1,2020-12-01,Bandai Namco Games,DONTNOD Entertainment
917,Windbound,PC,60,4.6,2020-08-28,Deep Silver,5 Lives Studios
918,Dead or School,PlayStation 4,60,5.1,2020-03-13,Marvelous Inc.,Studio Nanafushi
919,Disintegration,PlayStation 4,60,4.7,2020-06-16,Private Division,V1 Interactive
920,Peaky Blinders: Mastermind,PC,60,6.9,2020-08-20,Curve Digital Games,FuturLab
921,Wolcen: Lords of Mayhem,PC,60,5.6,2020-02-13,Wolcen Studio,Wolcen Studio
922,Gigantosaurus: The Game,Switch,60,6,2020-03-27,Outright Games,Cyber Group Studios
923,Kandagawa Jet Girls,PlayStation 4,60,6.3,2020-08-18,XSEED Games,Honey Parade Games
924,Commandos 2 HD Remaster,PC,60,2.4,2020-01-24,Kalypso,Yippee Entertainment LTD
925,Separation,PlayStation 4,59,4.5,2020-03-04,Recluse Industries,Recluse Industries
926,Crysis Remastered,Xbox One,59,4.8,2020-09-18,Crytek,Saber Interactive
927,Ary and the Secret of Seasons,PC,59,4.6,2020-09-01,Modus Games,Exiin
928,The Dark Crystal: Age of Resistance Tactics,Switch,59,7.1,2020-02-04,En Masse Entertainment,BonusXP
929,Blair Witch,Switch,59,6.8,2020-06-25,Bloober Team,Bloober Team
930,Final Fantasy Crystal Chronicles: Remastered Edition,PlayStation 4,59,4.8,2020-08-27,Square Enix,Square Enix
931,Sisters Royale: Five Sisters Under Fire,Switch,59,5.9,2020-01-30,Chorus Worldwide,"Alfa System, Alpha System"
932,Warcraft III: Reforged,PC,59,0.6,2020-01-28,character(0),Blizzard Entertainment
933,Hellpoint,PlayStation 4,59,6.4,2020-07-30,tinyBuild,Cradle Games
934,One Punch Man: A Hero Nobody Knows,Xbox One,59,3.3,2020-02-28,Bandai Namco Games,Bandai Namco Games
935,Drug Dealer Simulator,PC,59,6.7,2020-04-16,Movie Games S.A.,Byterunners Game Studio
936,Skater XL,Xbox One,59,4.4,2020-07-28,Easy Day Studios Pty Ltd,Easy Day Studios Pty Ltd
937,Summer in Mara,Switch,59,7.4,2020-06-16,Chibig,Chibig
938,The Academy: The First Riddle,PC,59,5.9,2020-06-19,Snapbreak Games AB,Pine Studio
939,Warlander,PC,59,5.9,2020-02-26,Clock Drive Games,Clock Drive Games
940,Spirit of the North,Switch,59,6.9,2020-05-07,Merge Games,Infuse Studio
941,Liberated,Switch,59,6.8,2020-06-02,Walkabout Games,Atomic Wolf
942,Necromunda: Underhive Wars,PlayStation 4,59,3.8,2020-09-08,Focus Home Interactive,Rogue Factor
943,Crysis Remastered,PlayStation 4,59,3.6,2020-09-18,Crytek,Saber Interactive
944,Disaster Report 4: Summer Memories,Switch,59,7.3,2020-04-07,NIS America,Irem
945,Oddworld: Munch's Oddysee HD,Switch,59,7.9,2020-05-14,Oddworld Inhabitants,"Just Add Water, Square One Games"
946,Those Who Remain,Xbox One,59,4.9,2020-05-28,Camel 101,Camel 101
947,Space Crew,PC,59,7,2020-10-15,Curve Digital,Runner Duck
948,The Dark Crystal: Age of Resistance Tactics,PlayStation 4,59,3.9,2020-02-04,En Masse Entertainment,BonusXP
949,Tharsis,Switch,58,5.8,2020-04-11,Choice Provisions,Choice Provisions
950,Romance of the Three Kingdoms XIV,PC,58,6.5,2020-01-15,Koei Tecmo Games,Koei Tecmo Games
951,The Dark Crystal: Age of Resistance Tactics,Xbox One,58,4.3,2020-02-04,En Masse Entertainment,BonusXP
952,Best Friend Forever,Switch,58,5.8,2020-08-27,Alliance,Starcolt
953,Nickelodeon Kart Racers 2: Grand Prix,PlayStation 4,58,6.9,2020-10-06,GameMill Publishing,"Bamtang, GameMill Entertainment"
954,Skellboy,Switch,58,5.8,2020-01-30,Fabraz,Umaiki Games
955,Dread Nautical,PC,58,5.8,2020-04-29,Zen Studios,Zen Studios
956,Tennis World Tour 2,Xbox One,58,8.3,2020-09-22,Maximum Games,Big Ant Studios
957,The Suicide of Rachel Foster,PlayStation 4,58,5.7,2020-09-09,Daedalic Entertainment,ONEOONE GAMES
958,Sword Art Online: Alicization Lycoris,PlayStation 4,58,5.9,2020-07-10,Bandai Namco Games,"Bandai Namco Games, Aquria"
959,WWE 2K Battlegrounds,Xbox One,58,5.6,2020-09-18,2K Games,Saber Interactive
960,Ary and the Secret of Seasons,Switch,58,5.8,2020-09-01,Modus Games,Exiin
961,Sword Art Online: Alicization Lycoris,Xbox One,58,6.6,2020-07-10,Bandai Namco Games,"Bandai Namco Games, Aquria"
962,Skater XL,PlayStation 4,57,5.2,2020-07-28,Easy Day Studios Pty Ltd,Easy Day Studios Pty Ltd
963,Ary and the Secret of Seasons,Xbox One,57,5.7,2020-09-01,Modus Games,Exiin
964,One Punch Man: A Hero Nobody Knows,PlayStation 4,57,4,2020-02-28,Bandai Namco Games,Bandai Namco Games
965,Griefhelm,PC,57,6.8,2020-08-20,Thorrnet Publishing,Johnny Dale Lonack
966,Rugby 20,Xbox One,57,4,2020-01-23,Bigben Interactive,Bigben Interactive
967,Eclipse: Edge of Light,PlayStation 4,57,3.8,2020-01-14,White Elk,White Elk
968,Orangeblood,PC,57,7.5,2020-01-13,Active Gaming Media,Grayfax Software
969,Gigantosaurus: The Game,Xbox One,57,5.7,2020-03-27,Outright Games,Cyber Group Studios
970,Cannibal Cuisine,PC,56,5.6,2020-05-20,Rocket Vulture,Rocket Vulture
971,The Walking Dead Onslaught,PC,56,5.6,2020-09-29,Survios,Survios
972,House Flipper,Switch,56,7.8,2020-06-12,Merge Games,Empyrean
973,Crucible,PC,56,4.2,2020-05-20,Amazon Game Studios,"Amazon Game Studios, Relentless Studios"
974,Praetorians HD Remaster,PC,56,8,2020-01-24,Kalypso,Torus Games
975,Ary and the Secret of Seasons,PlayStation 4,56,6.3,2020-09-01,Modus Games,Exiin
976,Tennis World Tour 2,PlayStation 4,56,8.5,2020-09-22,Nacon,Big Ant Studios
977,Deadly Premonition 2: A Blessing in Disguise,Switch,56,5.3,2020-07-10,Rising Star Games,Toybox Games
978,Mafia II: Definitive Edition,PlayStation 4,56,5.5,2020-05-19,2K Games,Hangar 13
979,Predator: Hunting Grounds,PlayStation 4,56,6.2,2020-04-24,SCEE,IllFonic
980,WWE 2K Battlegrounds,Switch,56,5,2020-09-18,2K Games,Saber Interactive
981,G.I. Joe: Operation Blackout,Xbox One,56,5.6,2020-10-13,GameMill Entertainment,"GameMill Entertainment, IguanaBee"
982,Azur Lane: Crosswave,PlayStation 4,56,6.1,2020-02-13,Idea Factory,Felistella
983,Drawn to Life: Two Realms,Switch,55,5.3,2020-12-07,505 Games,Digital Continue
984,Bright Memory,Xbox Series X,55,3.9,2020-11-10,Playism,FYQD Personal Studio
985,Galaxy Warfighter,Switch,55,5.5,2020-04-16,JoyBits,Qplaze
986,Cyberpunk 2077,PlayStation 4,55,3.5,2020-12-10,Warner Bros. Interactive Entertainment,"CD Projekt Red Studio, CD Projekt"
987,GERRRMS,Switch,55,5.5,2020-07-23,Bugbomb Studio,Bugbomb Studio
988,Road to Guangdong,Xbox One,54,5.4,2020-08-28,character(0),Just Add Oil Games
989,Creepy Tale,Switch,54,5.4,2020-07-10,No Gravity Games,Deqaf Studio
990,OVERPASS,PlayStation 4,54,1.9,2020-03-17,Bigben Interactive,Zordix Racing
991,Space Channel 5 VR: Kinda Funky News Flash,PlayStation 4,54,6.3,2020-02-25,Grounding Inc.,Grounding Inc.
992,Hunting Simulator 2,PlayStation 4,54,2.6,2020-06-30,Bigben Interactive,Neopica
993,Five Nights at Freddy's: Help Wanted,Switch,53,7.3,2020-05-21,Scott Games,"Steel Wool Games, Inc., Steel Wool Games"
994,Cloudpunk,Switch,53,2.9,2020-10-15,Merge Games,ION LANDS
995,Necromunda: Underhive Wars,PC,53,5.7,2020-09-07,Focus Home Interactive,Rogue Factor
996,Daymare: 1998,PlayStation 4,53,7,2020-04-28,Invader Studios,Invader Studios
997,Airplane Mode,PC,53,5.3,2020-10-15,AMC,Bacronym
998,Strobophagia | Rave Horror,PC,52,5.2,2020-10-28,Kenshin Game Studio,Kenshin Game Studio
999,Last Encounter,Switch,52,5.2,2020-02-21,Exordium Games,Exordium Games
1000,Bakugan: Champions of Vestroia,Switch,52,4.3,2020-11-03,Warner Bros. Interactive Entertainment,WayForward
